customer_id,name,age,gender,city,phone,email,annual_income,status,created_at
C00001,Amaira Maharaj,41,Female,Mumbai,9876000001,amairamaharaj1@testmail.com,398158,Active,2024-12-16 10:49:20
C00002,Isaac Dewan,34,Male,Hyderabad,9876000002,isaacdewan2@syntheticdata.org,347490,Active,2025-11-12 10:49:20
C00003,Chameli Sami,33,Female,Ghaziabad,9876000003,chamelisami3@demo-mail.com,552275,Active,2024-08-28 10:49:20
C00004,Alexander Chander,33,Male,Surat,9876000004,alexanderchander4@example.com,449147,Active,2024-08-26 10:49:20
C00005,Kamala Tiwari,54,Female,Vadodara,9876000005,kamalatiwari5@testmail.com,518526,Active,2025-03-30 10:49:20
C00006,Ira Saini,45,Female,Mumbai,9876000006,irasaini6@syntheticdata.org,883450,Active,2024-11-02 10:49:20
C00007,Vanya Mall,30,Female,Lucknow,9876000007,vanyamall7@demo-mail.com,663642,Active,2024-12-01 10:49:20
C00008,Gauri Sami,42,Female,Lucknow,9876000008,gaurisami8@example.com,1693447,Active,2025-02-23 10:49:20
C00009,Liam Dugal,38,Male,Kanpur,9876000009,liamdugal9@testmail.com,284139,Active,2025-09-30 10:49:20
C00010,Om Chaudry,18,Male,Thane,9876000010,omchaudry10@syntheticdata.org,230667,Active,2025-12-24 10:49:20
C00011,Sachi Chatterjee,23,Female,Bengaluru,9876000011,sachichatterjee11@demo-mail.com,231015,Active,2025-10-11 10:49:20
C00012,Pooja Lalla,39,Female,Kanpur,9876000012,poojalalla12@example.com,259218,Active,2025-08-08 10:49:20
C00013,Victor Yadav,53,Male,Surat,9876000013,victoryadav13@testmail.com,459821,Active,2024-09-22 10:49:20
C00014,Saanvi Brar,33,Female,Hyderabad,9876000014,saanvibrar14@syntheticdata.org,962811,Active,2025-04-02 10:49:20
C00015,Radhika Handa,29,Female,Kanpur,9876000015,radhikahanda15@demo-mail.com,1046790,Active,2025-02-10 10:49:20
C00016,Arin Kari,37,Male,Pune,9876000016,arinkari16@example.com,184799,Active,2025-07-28 10:49:20
C00017,Chaaya Kaul,28,Female,Ludhiana,9876000017,chaayakaul17@testmail.com,380009,Active,2025-05-13 10:49:20
C00018,Sachi Mall,32,Female,Chennai,9876000018,sachimall18@syntheticdata.org,896137,Active,2024-12-29 10:49:20
C00019,Janya Gaba,35,Other,Vadodara,9876000019,janyagaba19@demo-mail.com,530950,Active,2025-01-26 10:49:20
C00020,Raagini Kadakia,23,Female,Delhi,9876000020,raaginikadakia20@example.com,1318388,Active,2024-08-29 10:49:20
C00021,Bimala Garg,45,Female,Nagpur,9876000021,bimalagarg21@testmail.com,780540,Active,2024-11-29 10:49:20
C00022,Gautami Shere,21,Female,Ghaziabad,9876000022,gautamishere22@syntheticdata.org,636037,Active,2025-01-21 10:49:20
C00023,Krishna Kanda,20,Male,Bhopal,9876000023,krishnakanda23@demo-mail.com,1372626,Active,2025-11-24 10:49:20
C00024,Baghyawati Karnik,38,Female,Ahmedabad,9876000024,baghyawatikarnik24@example.com,1197620,Active,2024-12-17 10:49:20
C00025,Nisha Rattan,44,Female,Vadodara,9876000025,nisharattan25@testmail.com,579643,Active,2025-06-08 10:49:20
C00026,Bachittar Kakar,38,Male,Ghaziabad,9876000026,bachittarkakar26@syntheticdata.org,676385,Active,2024-12-03 10:49:20
C00027,Simon Tata,34,Other,Ahmedabad,9876000027,simontata27@demo-mail.com,267697,Active,2024-09-28 10:49:20
C00028,Vasudha Dhar,32,Female,Hyderabad,9876000028,vasudhadhar28@example.com,744214,Active,2024-11-02 10:49:20
C00029,Ekiya Koshy,30,Female,Indore,9876000029,ekiyakoshy29@testmail.com,226755,Active,2025-02-26 10:49:20
C00030,Tanish Rastogi,48,Male,Thane,9876000030,tanishrastogi30@syntheticdata.org,326225,Active,2025-12-23 10:49:20
C00031,Januja Devi,39,Female,Mumbai,9876000031,janujadevi31@demo-mail.com,148329,Active,2024-10-10 10:49:20
C00032,Chandani Batta,31,Female,Vadodara,9876000032,chandanibatta32@example.com,892788,Active,2025-09-10 10:49:20
C00033,Ganga Dutta,27,Female,Hyderabad,9876000033,gangadutta33@testmail.com,504970,Active,2024-11-01 10:49:20
C00034,Azad Rajan,43,Male,Pune,9876000034,azadrajan34@syntheticdata.org,948946,Active,2025-09-07 10:49:20
C00035,Vivaan Wadhwa,46,Male,Hyderabad,9876000035,vivaanwadhwa35@demo-mail.com,750954,Active,2025-01-12 10:49:20
C00036,Aashi Contractor,25,Female,Visakhapatnam,9876000036,aashicontractor36@example.com,447979,Active,2024-10-30 10:49:20
C00037,Onkar Choudhury,32,Male,Chennai,9876000037,onkarchoudhury37@testmail.com,356853,Active,2025-09-15 10:49:20
C00038,Urishilla Dugar,30,Female,Mumbai,9876000038,urishilladugar38@syntheticdata.org,238173,Active,2025-04-20 10:49:20
C00039,Aarav Lall,33,Male,Kanpur,9876000039,aaravlall39@demo-mail.com,528851,Active,2025-10-12 10:49:20
C00040,Yashica Cherian,45,Female,Surat,9876000040,yashicacherian40@example.com,2819540,Active,2025-11-05 10:49:20
C00041,Yashica Issac,52,Female,Bengaluru,9876000041,yashicaissac41@testmail.com,2155544,Active,2025-04-18 10:49:20
C00042,Ridhi Edwin,40,Female,Vadodara,9876000042,ridhiedwin42@syntheticdata.org,768432,Active,2024-10-17 10:49:20
C00043,Ojasvi Suresh,28,Female,Vadodara,9876000043,ojasvisuresh43@demo-mail.com,1005149,Active,2025-05-10 10:49:20
C00044,Dayita Patil,35,Female,Indore,9876000044,dayitapatil44@example.com,1797210,Active,2025-12-01 10:49:20
C00045,Kashvi Bhardwaj,18,Female,Kolkata,9876000045,kashvibhardwaj45@testmail.com,129659,Active,2025-03-05 10:49:20
C00046,Farhan Chada,45,Other,Kanpur,9876000046,farhanchada46@syntheticdata.org,597102,Active,2025-05-04 10:49:20
C00047,Bakhshi Walia,37,Male,Surat,9876000047,bakhshiwalia47@demo-mail.com,782920,Active,2025-02-02 10:49:20
C00048,Devansh Soman,32,Male,Vadodara,9876000048,devanshsoman48@example.com,957714,Active,2024-12-03 10:49:20
C00049,Kevin Wable,33,Male,Delhi,9876000049,kevinwable49@testmail.com,869345,Active,2025-11-19 10:49:20
C00050,Hitesh Zacharia,40,Male,Lucknow,9876000050,hiteshzacharia50@syntheticdata.org,2608882,Active,2024-12-12 10:49:20
C00051,Nachiket Rastogi,26,Male,Bhopal,9876000051,nachiketrastogi51@demo-mail.com,1336728,Active,2024-10-19 10:49:20
C00052,Urvashi Varughese,29,Female,Ghaziabad,9876000052,urvashivarughese52@example.com,427086,Active,2024-12-15 10:49:20
C00053,Dipta Kota,46,Female,Indore,9876000053,diptakota53@testmail.com,1223305,Active,2024-10-01 10:49:20
C00054,Bhavika Nigam,39,Female,Kanpur,9876000054,bhavikanigam54@syntheticdata.org,667913,Active,2025-04-09 10:49:20
C00055,Jyoti Kannan,37,Female,Delhi,9876000055,jyotikannan55@demo-mail.com,426827,Active,2025-07-09 10:49:20
C00056,Balendra Bhargava,47,Male,Nagpur,9876000056,balendrabhargava56@example.com,460515,Active,2025-09-26 10:49:20
C00057,Bhavna Balay,27,Female,Surat,9876000057,bhavnabalay57@testmail.com,705142,Active,2025-05-14 10:49:20
C00058,Balendra Varkey,32,Male,Indore,9876000058,balendravarkey58@syntheticdata.org,884397,Active,2025-04-06 10:49:20
C00059,Liam Sunder,39,Male,Bengaluru,9876000059,liamsunder59@demo-mail.com,506257,Active,2025-10-28 10:49:20
C00060,Ekaja Solanki,39,Female,Hyderabad,9876000060,ekajasolanki60@example.com,2217196,Active,2025-05-16 10:49:20
C00061,Vritti Ray,19,Female,Bengaluru,9876000061,vrittiray61@testmail.com,494503,Active,2025-10-21 10:49:20
C00062,Champak Chatterjee,31,Male,Indore,9876000062,champakchatterjee62@syntheticdata.org,1348619,Active,2024-11-30 10:49:20
C00063,Raagini Sampath,26,Female,Delhi,9876000063,raaginisampath63@demo-mail.com,790883,Active,2024-08-14 10:49:20
C00064,Unni Bhagat,58,Other,Pune,9876000064,unnibhagat64@example.com,728107,Active,2025-09-18 10:49:20
C00065,Azaan Rau,39,Male,Indore,9876000065,azaanrau65@testmail.com,485730,Active,2025-08-22 10:49:20
C00066,Ikbal Kothari,35,Other,Vadodara,9876000066,ikbalkothari66@syntheticdata.org,215677,Active,2025-04-19 10:49:20
C00067,Girish Yadav,18,Male,Jaipur,9876000067,girishyadav67@demo-mail.com,756356,Active,2024-09-11 10:49:20
C00068,Ekiya Sami,35,Female,Vadodara,9876000068,ekiyasami68@example.com,1459019,Active,2025-01-20 10:49:20
C00069,Liam Shere,36,Male,Ghaziabad,9876000069,liamshere69@testmail.com,546331,Active,2025-11-26 10:49:20
C00070,Bishakha Savant,65,Female,Chennai,9876000070,bishakhasavant70@syntheticdata.org,1845834,Active,2025-04-30 10:49:20
C00071,Aryan Zachariah,33,Male,Chennai,9876000071,aryanzachariah71@demo-mail.com,1631832,Active,2024-09-16 10:49:20
C00072,Charita Khalsa,39,Female,Surat,9876000072,charitakhalsa72@example.com,940507,Active,2025-12-08 10:49:20
C00073,Tanvi Sunder,49,Female,Surat,9876000073,tanvisunder73@testmail.com,210302,Active,2024-09-02 10:49:20
C00074,Jalsa Rattan,45,Female,Indore,9876000074,jalsarattan74@syntheticdata.org,396722,Active,2025-05-29 10:49:20
C00075,Gayathri Raghavan,52,Female,Pune,9876000075,gayathriraghavan75@demo-mail.com,1070177,Active,2025-08-14 10:49:20
C00076,Robert Lanka,19,Male,Pune,9876000076,robertlanka76@example.com,982197,Active,2025-07-22 10:49:20
C00077,Mekhala Sampath,24,Female,Thane,9876000077,mekhalasampath77@testmail.com,536698,Active,2025-09-01 10:49:20
C00078,Garima Gupta,29,Female,Mumbai,9876000078,garimagupta78@syntheticdata.org,1031804,Active,2025-05-28 10:49:20
C00079,Teerth Bhardwaj,18,Other,Bengaluru,9876000079,teerthbhardwaj79@demo-mail.com,365166,Active,2025-04-29 10:49:20
C00080,Naksh Bhandari,36,Male,Kanpur,9876000080,nakshbhandari80@example.com,445902,Active,2025-11-06 10:49:20
C00081,William Thakkar,24,Male,Jaipur,9876000081,williamthakkar81@testmail.com,1343057,Active,2025-10-13 10:49:20
C00082,Barkha Trivedi,54,Female,Jaipur,9876000082,barkhatrivedi82@syntheticdata.org,172258,Active,2025-09-30 10:49:20
C00083,Idika Biswas,26,Female,Mumbai,9876000083,idikabiswas83@demo-mail.com,471384,Active,2025-05-23 10:49:20
C00084,Jacob Raval,32,Male,Hyderabad,9876000084,jacobraval84@example.com,515475,Active,2024-10-20 10:49:20
C00085,Jatin Baral,42,Male,Hyderabad,9876000085,jatinbaral85@testmail.com,370794,Active,2024-10-31 10:49:20
C00086,Shaurya Virk,38,Male,Ludhiana,9876000086,shauryavirk86@syntheticdata.org,976686,Active,2025-02-04 10:49:20
C00087,Kalpit Jayaraman,51,Male,Pune,9876000087,kalpitjayaraman87@demo-mail.com,211904,Active,2024-12-19 10:49:20
C00088,Kashvi Lanka,39,Female,Delhi,9876000088,kashvilanka88@example.com,1942448,Active,2025-03-17 10:49:20
C00089,Ekaja Mital,45,Female,Delhi,9876000089,ekajamital89@testmail.com,1958735,Active,2025-09-11 10:49:20
C00090,Nakul Bora,42,Male,Pune,9876000090,nakulbora90@syntheticdata.org,1298378,Active,2025-03-27 10:49:20
C00091,Vasudha Chaudhry,39,Female,Indore,9876000091,vasudhachaudhry91@demo-mail.com,416353,Active,2024-10-09 10:49:20
C00092,Hredhaan Toor,27,Male,Ahmedabad,9876000092,hredhaantoor92@example.com,181419,Active,2025-10-14 10:49:20
C00093,Dominic Palla,38,Male,Vadodara,9876000093,dominicpalla93@testmail.com,2837687,Active,2024-10-17 10:49:20
C00094,Jason Pingle,39,Male,Kanpur,9876000094,jasonpingle94@syntheticdata.org,352784,Active,2025-09-24 10:49:20
C00095,Gaurangi Sarma,27,Female,Delhi,9876000095,gaurangisarma95@demo-mail.com,438444,Active,2024-11-28 10:49:20
C00096,Zarna Anand,58,Female,Hyderabad,9876000096,zarnaanand96@example.com,1086765,Active,2025-05-26 10:49:20
C00097,Damini Desai,41,Female,Indore,9876000097,daminidesai97@testmail.com,1047748,Active,2025-08-31 10:49:20
C00098,Dalbir Chhabra,24,Male,Surat,9876000098,dalbirchhabra98@syntheticdata.org,480487,Active,2025-12-25 10:49:20
C00099,Madhavi Manda,49,Female,Chennai,9876000099,madhavimanda99@demo-mail.com,707298,Active,2024-08-25 10:49:20
C00100,Onveer Jani,26,Male,Lucknow,9876000100,onveerjani100@example.com,817073,Active,2025-03-11 10:49:20
C00101,Yashawini Suresh,45,Female,Surat,9876000101,yashawinisuresh101@testmail.com,584307,Active,2025-09-20 10:49:20
C00102,Ati Chanda,58,Female,Nagpur,9876000102,atichanda102@syntheticdata.org,552244,Active,2025-10-26 10:49:20
C00103,Lakshit Basu,25,Male,Kolkata,9876000103,lakshitbasu103@demo-mail.com,885156,Active,2025-04-05 10:49:20
C00104,Ojas De,26,Male,Surat,9876000104,ojasde104@example.com,853788,Active,2025-07-16 10:49:20
C00105,Faris Sathe,39,Male,Lucknow,9876000105,farissathe105@testmail.com,1215330,Active,2024-09-17 10:49:20
C00106,Aarna Choudhury,45,Female,Pune,9876000106,aarnachoudhury106@syntheticdata.org,952373,Active,2025-04-30 10:49:20
C00107,Falan Banik,32,Male,Vadodara,9876000107,falanbanik107@demo-mail.com,675719,Active,2024-08-27 10:49:20
C00108,Ethan Sani,68,Male,Pune,9876000108,ethansani108@example.com,1150207,Active,2025-12-18 10:49:20
C00109,Benjamin Morar,23,Other,Delhi,9876000109,benjaminmorar109@testmail.com,2904734,Active,2025-03-23 10:49:20
C00110,Anmol Parmar,41,Male,Lucknow,9876000110,anmolparmar110@syntheticdata.org,1358536,Active,2025-05-01 10:49:20
C00111,Jeet Chauhan,33,Male,Ghaziabad,9876000111,jeetchauhan111@demo-mail.com,513911,Active,2024-09-04 10:49:20
C00112,Tanvi Dubey,44,Female,Mumbai,9876000112,tanvidubey112@example.com,472761,Active,2025-09-29 10:49:20
C00113,Gautami Goel,41,Female,Kolkata,9876000113,gautamigoel113@testmail.com,1367258,Active,2024-09-17 10:49:20
C00114,Amaira Gola,35,Female,Lucknow,9876000114,amairagola114@syntheticdata.org,444144,Active,2025-07-18 10:49:20
C00115,Tripti Kothari,25,Female,Jaipur,9876000115,triptikothari115@demo-mail.com,443432,Active,2025-07-20 10:49:20
C00116,Fariq Chokshi,18,Male,Nagpur,9876000116,fariqchokshi116@example.com,240430,Active,2025-05-23 10:49:20
C00117,Anirudh Singhal,38,Male,Indore,9876000117,anirudhsinghal117@testmail.com,475739,Active,2025-02-23 10:49:20
C00118,Irya Sharma,21,Female,Chennai,9876000118,iryasharma118@syntheticdata.org,384491,Active,2025-01-14 10:49:20
C00119,Michael Kari,25,Male,Mumbai,9876000119,michaelkari119@demo-mail.com,1053506,Active,2024-11-28 10:49:20
C00120,Advik Hans,37,Male,Ghaziabad,9876000120,advikhans120@example.com,496220,Active,2025-01-24 10:49:20
C00121,Nitesh Mallick,36,Male,Thane,9876000121,niteshmallick121@testmail.com,453402,Active,2025-05-01 10:49:20
C00122,Liam Panchal,22,Male,Chennai,9876000122,liampanchal122@syntheticdata.org,401492,Active,2025-01-05 10:49:20
C00123,Oni Bala,48,Female,Ludhiana,9876000123,onibala123@demo-mail.com,823542,Active,2025-10-06 10:49:20
C00124,Leena Gokhale,48,Female,Surat,9876000124,leenagokhale124@example.com,231565,Active,2024-12-06 10:49:20
C00125,Anjali Chopra,42,Female,Ahmedabad,9876000125,anjalichopra125@testmail.com,2787316,Active,2024-12-16 10:49:20
C00126,Hemani Murthy,42,Other,Ludhiana,9876000126,hemanimurthy126@syntheticdata.org,852282,Active,2024-09-19 10:49:20
C00127,Dalbir Rajan,42,Male,Ghaziabad,9876000127,dalbirrajan127@demo-mail.com,1218466,Active,2025-08-04 10:49:20
C00128,Joshua Basu,70,Male,Nagpur,9876000128,joshuabasu128@example.com,1084968,Active,2025-07-14 10:49:20
C00129,Aachal Venkatesh,47,Female,Hyderabad,9876000129,aachalvenkatesh129@testmail.com,839503,Active,2024-12-03 10:49:20
C00130,Qabil Sankar,43,Male,Visakhapatnam,9876000130,qabilsankar130@syntheticdata.org,804196,Active,2025-05-25 10:49:20
C00131,Noah Murthy,26,Male,Hyderabad,9876000131,noahmurthy131@demo-mail.com,1020452,Active,2025-09-27 10:49:20
C00132,Mason Tripathi,33,Male,Visakhapatnam,9876000132,masontripathi132@example.com,633468,Active,2025-06-13 10:49:20
C00133,Samarth Narain,29,Male,Thane,9876000133,samarthnarain133@testmail.com,326205,Active,2025-08-16 10:49:20
C00134,Neelima Datta,44,Female,Indore,9876000134,neelimadatta134@syntheticdata.org,366775,Active,2025-05-20 10:49:20
C00135,Shivansh Raghavan,18,Male,Chennai,9876000135,shivanshraghavan135@demo-mail.com,134192,Active,2025-04-13 10:49:20
C00136,Matthew Ravi,30,Male,Surat,9876000136,matthewravi136@example.com,419883,Active,2025-01-01 10:49:20
C00137,Nidra Mangat,49,Female,Visakhapatnam,9876000137,nidramangat137@testmail.com,970019,Active,2024-12-13 10:49:20
C00138,Tanveer Nagy,27,Male,Bengaluru,9876000138,tanveernagy138@syntheticdata.org,356698,Active,2024-12-11 10:49:20
C00139,Timothy Sathe,44,Male,Lucknow,9876000139,timothysathe139@demo-mail.com,396941,Active,2024-09-23 10:49:20
C00140,Warjas Gara,36,Male,Surat,9876000140,warjasgara140@example.com,986572,Active,2024-10-30 10:49:20
C00141,Meghana Varma,28,Female,Bengaluru,9876000141,meghanavarma141@testmail.com,1073687,Active,2025-01-29 10:49:20
C00142,Charita Keer,18,Female,Indore,9876000142,charitakeer142@syntheticdata.org,2672298,Active,2025-10-13 10:49:20
C00143,Isaiah Issac,38,Male,Ghaziabad,9876000143,isaiahissac143@demo-mail.com,486895,Active,2024-08-23 10:49:20
C00144,Amaira Batra,18,Female,Ghaziabad,9876000144,amairabatra144@example.com,570611,Active,2024-08-16 10:49:20
C00145,Vyanjana Bora,42,Female,Jaipur,9876000145,vyanjanabora145@testmail.com,574924,Active,2025-10-23 10:49:20
C00146,Triya Hayer,46,Female,Indore,9876000146,triyahayer146@syntheticdata.org,185852,Active,2025-08-24 10:49:20
C00147,Yachana Ratta,30,Female,Ludhiana,9876000147,yachanaratta147@demo-mail.com,652075,Active,2025-04-19 10:49:20
C00148,Ethan Ahluwalia,28,Male,Indore,9876000148,ethanahluwalia148@example.com,1143136,Active,2025-02-28 10:49:20
C00149,Simon Kanda,20,Male,Nagpur,9876000149,simonkanda149@testmail.com,482849,Active,2025-10-17 10:49:20
C00150,Vincent Bedi,47,Male,Ahmedabad,9876000150,vincentbedi150@syntheticdata.org,830655,Active,2025-05-13 10:49:20
C00151,Darsh Shan,55,Male,Nagpur,9876000151,darshshan151@demo-mail.com,352454,Active,2025-07-18 10:49:20
C00152,Vincent Wali,18,Male,Indore,9876000152,vincentwali152@example.com,1969556,Active,2025-04-06 10:49:20
C00153,Timothy Thaman,30,Male,Pune,9876000153,timothythaman153@testmail.com,1182062,Active,2024-11-29 10:49:20
C00154,Udant Dutt,41,Male,Lucknow,9876000154,udantdutt154@syntheticdata.org,610796,Active,2025-02-23 10:49:20
C00155,Umang Lad,45,Male,Indore,9876000155,umanglad155@demo-mail.com,588051,Active,2024-09-23 10:49:20
C00156,Lakshit Verma,18,Male,Vadodara,9876000156,lakshitverma156@example.com,1677123,Active,2025-12-13 10:49:20
C00157,Jagdish Maharaj,23,Male,Bengaluru,9876000157,jagdishmaharaj157@testmail.com,588618,Active,2025-07-12 10:49:20
C00158,Balvan Mangal,55,Male,Mumbai,9876000158,balvanmangal158@syntheticdata.org,256565,Active,2024-11-23 10:49:20
C00159,Madhavi Nayak,30,Female,Ludhiana,9876000159,madhavinayak159@demo-mail.com,837151,Active,2024-10-16 10:49:20
C00160,Banjeet Devi,37,Male,Hyderabad,9876000160,banjeetdevi160@example.com,357827,Active,2024-12-02 10:49:20
C00161,Jack Rajagopal,49,Male,Pune,9876000161,jackrajagopal161@testmail.com,712282,Active,2024-11-06 10:49:20
C00162,Jalsa Bhatt,36,Female,Hyderabad,9876000162,jalsabhatt162@syntheticdata.org,439614,Active,2024-11-04 10:49:20
C00163,Tanvi Narayanan,38,Female,Hyderabad,9876000163,tanvinarayanan163@demo-mail.com,130074,Active,2025-12-01 10:49:20
C00164,Sarthak Bhatia,28,Male,Nagpur,9876000164,sarthakbhatia164@example.com,1027198,Active,2025-08-14 10:49:20
C00165,Shivansh Ramachandran,37,Male,Ghaziabad,9876000165,shivanshramachandran165@testmail.com,267505,Active,2025-06-30 10:49:20
C00166,Ranveer Sood,43,Male,Jaipur,9876000166,ranveersood166@syntheticdata.org,703809,Active,2025-06-16 10:49:20
C00167,Qushi Misra,61,Female,Ghaziabad,9876000167,qushimisra167@demo-mail.com,867806,Active,2025-02-06 10:49:20
C00168,Ubika Yohannan,18,Female,Kanpur,9876000168,ubikayohannan168@example.com,2017764,Active,2025-07-10 10:49:20
C00169,Yagnesh Kanda,39,Male,Indore,9876000169,yagneshkanda169@testmail.com,389154,Active,2024-10-06 10:49:20
C00170,Tejas Sunder,28,Male,Kanpur,9876000170,tejassunder170@syntheticdata.org,241211,Active,2025-10-11 10:49:20
C00171,Robert Nayar,28,Male,Ahmedabad,9876000171,robertnayar171@demo-mail.com,606348,Active,2025-08-23 10:49:20
C00172,Gayathri Sibal,46,Female,Pune,9876000172,gayathrisibal172@example.com,384760,Active,2025-11-26 10:49:20
C00173,Amara Ramesh,46,Female,Bhopal,9876000173,amararamesh173@testmail.com,1161564,Active,2025-10-09 10:49:20
C00174,Chakrika Sangha,39,Female,Pune,9876000174,chakrikasangha174@syntheticdata.org,1223133,Active,2024-12-16 10:49:20
C00175,Vedhika Gopal,26,Female,Bengaluru,9876000175,vedhikagopal175@demo-mail.com,1175553,Active,2025-03-31 10:49:20
C00176,Kalpit Raghavan,29,Male,Thane,9876000176,kalpitraghavan176@example.com,426597,Active,2025-07-21 10:49:20
C00177,Hitesh Sha,35,Male,Mumbai,9876000177,hiteshsha177@testmail.com,834816,Active,2025-01-26 10:49:20
C00178,Om Raghavan,37,Male,Kolkata,9876000178,omraghavan178@syntheticdata.org,1198772,Active,2024-12-23 10:49:20
C00179,Shivansh Krishnan,42,Male,Ludhiana,9876000179,shivanshkrishnan179@demo-mail.com,446197,Active,2025-01-01 10:49:20
C00180,Vrinda Bahl,33,Female,Visakhapatnam,9876000180,vrindabahl180@example.com,1783497,Active,2024-09-25 10:49:20
C00181,Parth Kapur,30,Male,Indore,9876000181,parthkapur181@testmail.com,1179089,Active,2025-09-05 10:49:20
C00182,Anmol Balasubramanian,51,Male,Bhopal,9876000182,anmolbalasubramanian182@syntheticdata.org,241619,Active,2025-04-21 10:49:20
C00183,Harish Bahri,36,Male,Mumbai,9876000183,harishbahri183@demo-mail.com,2832837,Active,2024-12-04 10:49:20
C00184,Jagdish Date,39,Male,Surat,9876000184,jagdishdate184@example.com,1355546,Active,2025-06-06 10:49:20
C00185,Dakshesh Kamdar,34,Male,Vadodara,9876000185,daksheshkamdar185@testmail.com,337906,Active,2025-03-18 10:49:20
C00186,Aahana Pillay,26,Other,Vadodara,9876000186,aahanapillay186@syntheticdata.org,763890,Active,2025-08-07 10:49:20
C00187,Dakshesh Gade,61,Male,Jaipur,9876000187,daksheshgade187@demo-mail.com,795798,Active,2024-10-13 10:49:20
C00188,Darika Bal,49,Female,Lucknow,9876000188,darikabal188@example.com,2666526,Active,2025-05-14 10:49:20
C00189,Riya Ranganathan,45,Female,Chennai,9876000189,riyaranganathan189@testmail.com,1210656,Active,2025-08-26 10:49:20
C00190,Baljiwan Kibe,35,Male,Ghaziabad,9876000190,baljiwankibe190@syntheticdata.org,362766,Active,2025-05-08 10:49:20
C00191,Nidhi Dara,36,Female,Hyderabad,9876000191,nidhidara191@demo-mail.com,592842,Active,2025-01-11 10:49:20
C00192,Oscar Walia,27,Male,Chennai,9876000192,oscarwalia192@example.com,1298934,Active,2025-08-10 10:49:20
C00193,Reva Biswas,26,Female,Pune,9876000193,revabiswas193@testmail.com,1628787,Active,2024-09-09 10:49:20
C00194,Abha Salvi,32,Female,Ahmedabad,9876000194,abhasalvi194@syntheticdata.org,409374,Active,2025-09-02 10:49:20
C00195,Damyanti Sant,26,Female,Mumbai,9876000195,damyantisant195@demo-mail.com,151961,Active,2025-04-10 10:49:20
C00196,Victor Dua,38,Male,Lucknow,9876000196,victordua196@example.com,1130872,Active,2024-09-08 10:49:20
C00197,Gaurang Vig,30,Male,Bhopal,9876000197,gaurangvig197@testmail.com,1535740,Active,2024-09-15 10:49:20
C00198,Wyatt Shroff,38,Male,Bengaluru,9876000198,wyattshroff198@syntheticdata.org,494923,Active,2025-07-30 10:49:20
C00199,Krish Naidu,18,Male,Ahmedabad,9876000199,krishnaidu199@demo-mail.com,797040,Active,2025-12-11 10:49:20
C00200,Caleb Mallick,19,Male,Surat,9876000200,calebmallick200@example.com,2915598,Active,2025-09-08 10:49:20
C00201,Jairaj Shetty,27,Male,Ludhiana,9876000201,jairajshetty201@testmail.com,777431,Active,2024-12-06 10:49:20
C00202,Pahal Balakrishnan,33,Female,Nagpur,9876000202,pahalbalakrishnan202@syntheticdata.org,1002564,Active,2025-03-27 10:49:20
C00203,Nicholas Gopal,46,Male,Ghaziabad,9876000203,nicholasgopal203@demo-mail.com,585820,Active,2025-01-16 10:49:20
C00204,Jagvi Pant,35,Female,Delhi,9876000204,jagvipant204@example.com,124314,Active,2025-08-26 10:49:20
C00205,Onkar Mammen,23,Male,Kolkata,9876000205,onkarmammen205@testmail.com,298091,Active,2024-12-26 10:49:20
C00206,Aashi Varughese,39,Female,Chennai,9876000206,aashivarughese206@syntheticdata.org,1171440,Active,2025-05-22 10:49:20
C00207,Brijesh Khurana,26,Male,Mumbai,9876000207,brijeshkhurana207@demo-mail.com,1025032,Active,2025-07-31 10:49:20
C00208,Wishi Khosla,34,Female,Jaipur,9876000208,wishikhosla208@example.com,1857139,Active,2025-01-07 10:49:20
C00209,Xalak Sem,40,Female,Thane,9876000209,xalaksem209@testmail.com,2789759,Active,2024-12-10 10:49:20
C00210,Charita Menon,38,Female,Ghaziabad,9876000210,charitamenon210@syntheticdata.org,148043,Active,2025-12-04 10:49:20
C00211,Samaksh Kohli,36,Male,Hyderabad,9876000211,samakshkohli211@demo-mail.com,330465,Active,2025-07-10 10:49:20
C00212,Qarin Solanki,36,Male,Pune,9876000212,qarinsolanki212@example.com,696169,Active,2024-09-18 10:49:20
C00213,Simon Narayanan,41,Male,Jaipur,9876000213,simonnarayanan213@testmail.com,384384,Active,2025-10-09 10:49:20
C00214,Vasana Madan,61,Female,Jaipur,9876000214,vasanamadan214@syntheticdata.org,1025883,Active,2025-04-09 10:49:20
C00215,Ladli Kashyap,26,Female,Nagpur,9876000215,ladlikashyap215@demo-mail.com,604781,Active,2025-04-26 10:49:20
C00216,Inaya Mutti,47,Female,Thane,9876000216,inayamutti216@example.com,2392212,Active,2024-09-02 10:49:20
C00217,Hiral Handa,25,Female,Lucknow,9876000217,hiralhanda217@testmail.com,296205,Active,2024-08-26 10:49:20
C00218,Wyatt Malhotra,28,Male,Ghaziabad,9876000218,wyattmalhotra218@syntheticdata.org,254274,Active,2024-08-23 10:49:20
C00219,Harish Hari,26,Other,Pune,9876000219,harishhari219@demo-mail.com,490270,Active,2025-09-07 10:49:20
C00220,Jhalak Patel,37,Female,Bhopal,9876000220,jhalakpatel220@example.com,494760,Active,2025-03-27 10:49:20
C00221,Nidhi Atwal,40,Female,Chennai,9876000221,nidhiatwal221@testmail.com,2200596,Active,2025-03-24 10:49:20
C00222,Mahika Bath,47,Female,Bhopal,9876000222,mahikabath222@syntheticdata.org,446744,Active,2025-04-10 10:49:20
C00223,Madhav Date,25,Male,Lucknow,9876000223,madhavdate223@demo-mail.com,1319834,Active,2024-10-05 10:49:20
C00224,Dalaja Arora,41,Female,Lucknow,9876000224,dalajaarora224@example.com,1240284,Active,2025-04-23 10:49:20
C00225,Wahab Srinivas,20,Male,Nagpur,9876000225,wahabsrinivas225@testmail.com,863001,Active,2025-05-21 10:49:20
C00226,Onkar Gour,57,Male,Bengaluru,9876000226,onkargour226@syntheticdata.org,1279458,Active,2025-01-25 10:49:20
C00227,Jonathan Sridhar,50,Male,Nagpur,9876000227,jonathansridhar227@demo-mail.com,893002,Active,2025-10-09 10:49:20
C00228,Dhruv Rattan,30,Other,Vadodara,9876000228,dhruvrattan228@example.com,635375,Active,2024-09-09 10:49:20
C00229,Balhaar Bera,18,Male,Kanpur,9876000229,balhaarbera229@testmail.com,488567,Active,2025-04-25 10:49:20
C00230,Falguni Modi,52,Female,Delhi,9876000230,falgunimodi230@syntheticdata.org,1257907,Active,2025-05-21 10:49:20
C00231,Jeet Dani,34,Male,Jaipur,9876000231,jeetdani231@demo-mail.com,873338,Active,2025-08-05 10:49:20
C00232,Isaiah Virk,50,Male,Mumbai,9876000232,isaiahvirk232@example.com,605687,Active,2025-06-20 10:49:20
C00233,Varenya Savant,35,Female,Chennai,9876000233,varenyasavant233@testmail.com,1278250,Active,2024-08-20 10:49:20
C00234,Upadhriti Mody,36,Female,Bengaluru,9876000234,upadhritimody234@syntheticdata.org,1192089,Active,2025-10-17 10:49:20
C00235,Chavvi Johal,36,Female,Thane,9876000235,chavvijohal235@demo-mail.com,530334,Active,2025-07-10 10:49:20
C00236,Libni Bumb,18,Female,Bhopal,9876000236,libnibumb236@example.com,267037,Active,2025-01-09 10:49:20
C00237,Kashvi Ghose,42,Female,Pune,9876000237,kashvighose237@testmail.com,1104531,Active,2025-04-17 10:49:20
C00238,Naksh Agate,18,Other,Surat,9876000238,nakshagate238@syntheticdata.org,602202,Active,2024-10-26 10:49:20
C00239,Umang Singhal,51,Male,Ludhiana,9876000239,umangsinghal239@demo-mail.com,375198,Active,2025-11-06 10:49:20
C00240,Amol Kata,54,Male,Bengaluru,9876000240,amolkata240@example.com,968147,Active,2025-09-21 10:49:20
C00241,Megha Setty,37,Female,Lucknow,9876000241,meghasetty241@testmail.com,725931,Active,2025-04-29 10:49:20
C00242,Jackson Lalla,49,Male,Mumbai,9876000242,jacksonlalla242@syntheticdata.org,1004844,Active,2025-01-12 10:49:20
C00243,Unnati Contractor,33,Female,Ghaziabad,9876000243,unnaticontractor243@demo-mail.com,1222305,Active,2025-04-20 10:49:20
C00244,Falguni Lata,43,Female,Thane,9876000244,falgunilata244@example.com,387550,Active,2025-02-05 10:49:20
C00245,Balendra Bhasin,52,Male,Vadodara,9876000245,balendrabhasin245@testmail.com,691668,Active,2025-12-03 10:49:20
C00246,Mitesh Mani,48,Male,Kolkata,9876000246,miteshmani246@syntheticdata.org,207222,Active,2024-12-13 10:49:20
C00247,Diya Sidhu,21,Female,Surat,9876000247,diyasidhu247@demo-mail.com,847287,Active,2025-03-11 10:49:20
C00248,Saksham Magar,18,Male,Bhopal,9876000248,sakshammagar248@example.com,252337,Active,2025-10-02 10:49:20
C00249,Theodore Buch,54,Male,Ahmedabad,9876000249,theodorebuch249@testmail.com,856888,Active,2024-08-31 10:49:20
C00250,Tarak Naidu,36,Male,Ghaziabad,9876000250,taraknaidu250@syntheticdata.org,1059878,Active,2024-10-03 10:49:20
C00251,Amara Chand,18,Female,Thane,9876000251,amarachand251@demo-mail.com,2134617,Active,2025-11-22 10:49:20
C00252,Advaith Luthra,35,Male,Ahmedabad,9876000252,advaithluthra252@example.com,1382029,Active,2025-07-14 10:49:20
C00253,Harita Singhal,18,Female,Bengaluru,9876000253,haritasinghal253@testmail.com,1070061,Active,2025-12-22 10:49:20
C00254,Liam Golla,34,Male,Ludhiana,9876000254,liamgolla254@syntheticdata.org,211255,Active,2025-07-11 10:49:20
C00255,Yatan Chand,40,Male,Lucknow,9876000255,yatanchand255@demo-mail.com,450034,Active,2025-10-26 10:49:20
C00256,Priya Rege,24,Female,Lucknow,9876000256,priyarege256@example.com,251354,Active,2025-11-10 10:49:20
C00257,Oeshi Cheema,35,Female,Vadodara,9876000257,oeshicheema257@testmail.com,2468092,Active,2024-09-17 10:49:20
C00258,Nitesh Sabharwal,47,Male,Jaipur,9876000258,niteshsabharwal258@syntheticdata.org,486204,Active,2025-08-30 10:49:20
C00259,Maanas Rattan,30,Male,Hyderabad,9876000259,maanasrattan259@demo-mail.com,372478,Active,2025-08-08 10:49:20
C00260,Vasana Chakrabarti,29,Female,Thane,9876000260,vasanachakrabarti260@example.com,659309,Active,2025-01-13 10:49:20
C00261,Lajita Naik,26,Female,Delhi,9876000261,lajitanaik261@testmail.com,579832,Active,2024-09-10 10:49:20
C00262,Saksham Varkey,34,Male,Kanpur,9876000262,sakshamvarkey262@syntheticdata.org,685700,Active,2024-12-16 10:49:20
C00263,Vedhika Sachdev,23,Female,Ghaziabad,9876000263,vedhikasachdev263@demo-mail.com,258423,Active,2024-11-13 10:49:20
C00264,Girindra Vasa,59,Male,Bengaluru,9876000264,girindravasa264@example.com,134939,Active,2025-02-24 10:49:20
C00265,Yahvi Sathe,36,Female,Surat,9876000265,yahvisathe265@testmail.com,1219469,Active,2025-06-07 10:49:20
C00266,Harsh Loke,27,Male,Thane,9876000266,harshloke266@syntheticdata.org,451960,Active,2025-04-05 10:49:20
C00267,Maanas Sarma,38,Male,Mumbai,9876000267,maanassarma267@demo-mail.com,856480,Active,2025-04-08 10:49:20
C00268,Divya Balakrishnan,34,Female,Vadodara,9876000268,divyabalakrishnan268@example.com,1225581,Active,2025-03-27 10:49:20
C00269,Gauri Mukhopadhyay,33,Female,Ghaziabad,9876000269,gaurimukhopadhyay269@testmail.com,1173434,Active,2025-12-18 10:49:20
C00270,Samar Chander,29,Male,Pune,9876000270,samarchander270@syntheticdata.org,833425,Active,2025-01-14 10:49:20
C00271,Dakshesh Shenoy,29,Male,Nagpur,9876000271,daksheshshenoy271@demo-mail.com,616488,Active,2024-10-06 10:49:20
C00272,Faraj Tara,18,Male,Ghaziabad,9876000272,farajtara272@example.com,916281,Active,2025-01-11 10:49:20
C00273,Yashodhara Mahajan,52,Other,Jaipur,9876000273,yashodharamahajan273@testmail.com,2595954,Active,2025-10-11 10:49:20
C00274,Warhi Sodhi,42,Female,Pune,9876000274,warhisodhi274@syntheticdata.org,2218684,Active,2025-10-29 10:49:20
C00275,Vasatika Dhillon,39,Female,Delhi,9876000275,vasatikadhillon275@demo-mail.com,345502,Active,2025-08-29 10:49:20
C00276,Ikshita Trivedi,36,Female,Jaipur,9876000276,ikshitatrivedi276@example.com,596077,Active,2024-12-08 10:49:20
C00277,Bhavya Majumdar,18,Female,Kanpur,9876000277,bhavyamajumdar277@testmail.com,742319,Active,2024-11-18 10:49:20
C00278,Panini Tripathi,38,Female,Ahmedabad,9876000278,paninitripathi278@syntheticdata.org,263368,Active,2025-11-18 10:49:20
C00279,Aadhya Mandal,28,Female,Delhi,9876000279,aadhyamandal279@demo-mail.com,607786,Active,2025-03-26 10:49:20
C00280,Yash Dixit,23,Male,Kanpur,9876000280,yashdixit280@example.com,458400,Active,2024-09-28 10:49:20
C00281,Warhi Pai,56,Female,Lucknow,9876000281,warhipai281@testmail.com,419885,Active,2024-11-10 10:49:20
C00282,Ranbir Shah,46,Male,Vadodara,9876000282,ranbirshah282@syntheticdata.org,624143,Active,2025-02-16 10:49:20
C00283,Ijaya Khare,36,Female,Pune,9876000283,ijayakhare283@demo-mail.com,672763,Active,2024-12-22 10:49:20
C00284,Kamala Roy,25,Female,Bhopal,9876000284,kamalaroy284@example.com,488161,Active,2025-01-11 10:49:20
C00285,Nitara Solanki,54,Female,Lucknow,9876000285,nitarasolanki285@testmail.com,420169,Active,2025-04-09 10:49:20
C00286,Sanya Doshi,25,Female,Ahmedabad,9876000286,sanyadoshi286@syntheticdata.org,705254,Active,2024-12-06 10:49:20
C00287,Anita Date,19,Female,Nagpur,9876000287,anitadate287@demo-mail.com,187357,Active,2025-09-28 10:49:20
C00288,Daksha Sarraf,47,Female,Bengaluru,9876000288,dakshasarraf288@example.com,892583,Active,2024-08-20 10:49:20
C00289,Vedant Aurora,19,Male,Hyderabad,9876000289,vedantaurora289@testmail.com,591604,Active,2025-07-23 10:49:20
C00290,Tara Dubey,42,Female,Pune,9876000290,taradubey290@syntheticdata.org,178086,Active,2025-10-08 10:49:20
C00291,Vrinda Lanka,28,Female,Kanpur,9876000291,vrindalanka291@demo-mail.com,1698507,Active,2024-12-10 10:49:20
C00292,Rushil Buch,30,Male,Ludhiana,9876000292,rushilbuch292@example.com,506802,Active,2025-05-27 10:49:20
C00293,Ranveer Nadig,36,Male,Ludhiana,9876000293,ranveernadig293@testmail.com,869357,Active,2024-09-14 10:49:20
C00294,Anita Biswas,26,Female,Thane,9876000294,anitabiswas294@syntheticdata.org,837681,Active,2025-01-14 10:49:20
C00295,Mitali Karan,34,Female,Hyderabad,9876000295,mitalikaran295@demo-mail.com,2784811,Active,2025-12-10 10:49:20
C00296,Teerth Chaudhari,29,Male,Bhopal,9876000296,teerthchaudhari296@example.com,1673420,Active,2024-12-11 10:49:20
C00297,Vamakshi Ganesan,45,Female,Ahmedabad,9876000297,vamakshiganesan297@testmail.com,1101779,Active,2025-02-18 10:49:20
C00298,Amrita Batra,37,Female,Vadodara,9876000298,amritabatra298@syntheticdata.org,1014451,Active,2025-08-28 10:49:20
C00299,Baghyawati Memon,45,Female,Indore,9876000299,baghyawatimemon299@demo-mail.com,226392,Active,2025-10-13 10:49:20
C00300,Rachit Sankar,28,Male,Indore,9876000300,rachitsankar300@example.com,941865,Active,2025-01-03 10:49:20
C00301,Jason Wali,26,Male,Kanpur,9876000301,jasonwali301@testmail.com,956849,Active,2025-03-28 10:49:20
C00302,Hemangini Garde,18,Female,Kanpur,9876000302,hemanginigarde302@syntheticdata.org,1787856,Active,2025-07-30 10:49:20
C00303,Balveer Raja,39,Male,Kanpur,9876000303,balveerraja303@demo-mail.com,1861809,Active,2025-01-01 10:49:20
C00304,Yuvraj Dhar,25,Male,Hyderabad,9876000304,yuvrajdhar304@example.com,309987,Active,2025-10-08 10:49:20
C00305,Vihaan Kumar,39,Male,Kolkata,9876000305,vihaankumar305@testmail.com,302833,Active,2025-06-14 10:49:20
C00306,Lakshmi Andra,28,Female,Delhi,9876000306,lakshmiandra306@syntheticdata.org,535132,Active,2024-12-15 10:49:20
C00307,Bhavna Dugar,36,Other,Ghaziabad,9876000307,bhavnadugar307@demo-mail.com,620973,Active,2025-10-11 10:49:20
C00308,Vaishnavi Pai,48,Female,Kolkata,9876000308,vaishnavipai308@example.com,216763,Active,2025-10-03 10:49:20
C00309,Unnati Krishna,29,Female,Lucknow,9876000309,unnatikrishna309@testmail.com,724826,Active,2025-09-20 10:49:20
C00310,Nidhi Issac,42,Female,Mumbai,9876000310,nidhiissac310@syntheticdata.org,924419,Active,2024-10-26 10:49:20
C00311,Vasudha Chhabra,53,Other,Vadodara,9876000311,vasudhachhabra311@demo-mail.com,870657,Active,2024-11-10 10:49:20
C00312,Rayaan Parmer,42,Male,Mumbai,9876000312,rayaanparmer312@example.com,2728991,Active,2025-02-12 10:49:20
C00313,Neelima Bains,33,Female,Surat,9876000313,neelimabains313@testmail.com,486710,Active,2024-08-21 10:49:20
C00314,Laksh Anand,40,Male,Delhi,9876000314,lakshanand314@syntheticdata.org,2901345,Active,2025-03-16 10:49:20
C00315,Yadavi Mangat,28,Female,Bengaluru,9876000315,yadavimangat315@demo-mail.com,663110,Active,2025-09-15 10:49:20
C00316,Patrick Kanda,37,Male,Ghaziabad,9876000316,patrickkanda316@example.com,2319157,Active,2025-04-27 10:49:20
C00317,Jeremiah Devan,34,Male,Ludhiana,9876000317,jeremiahdevan317@testmail.com,2746926,Active,2025-09-18 10:49:20
C00318,Anusha More,40,Female,Visakhapatnam,9876000318,anushamore318@syntheticdata.org,681465,Active,2025-07-08 10:49:20
C00319,Anika Patla,31,Female,Delhi,9876000319,anikapatla319@demo-mail.com,528457,Active,2025-10-20 10:49:20
C00320,Chakradev Merchant,32,Male,Hyderabad,9876000320,chakradevmerchant320@example.com,1233117,Active,2025-11-21 10:49:20
C00321,Sarthak Gill,39,Male,Bengaluru,9876000321,sarthakgill321@testmail.com,822947,Active,2024-10-27 10:49:20
C00322,Dominic Zacharia,60,Male,Pune,9876000322,dominiczacharia322@syntheticdata.org,453336,Active,2025-06-08 10:49:20
C00323,Zilmil Thaker,50,Female,Lucknow,9876000323,zilmilthaker323@demo-mail.com,895221,Active,2025-06-14 10:49:20
C00324,Gayathri Kurian,31,Female,Thane,9876000324,gayathrikurian324@example.com,263239,Active,2025-03-21 10:49:20
C00325,Manbir Nigam,18,Male,Hyderabad,9876000325,manbirnigam325@testmail.com,761185,Active,2025-07-12 10:49:20
C00326,Vinaya Borra,31,Female,Vadodara,9876000326,vinayaborra326@syntheticdata.org,311034,Active,2024-12-01 10:49:20
C00327,Isaiah Ranganathan,39,Male,Surat,9876000327,isaiahranganathan327@demo-mail.com,845502,Active,2025-10-10 10:49:20
C00328,Chakradev Rana,33,Male,Indore,9876000328,chakradevrana328@example.com,326550,Active,2025-01-20 10:49:20
C00329,Kevin Yadav,38,Male,Pune,9876000329,kevinyadav329@testmail.com,605208,Active,2024-10-30 10:49:20
C00330,Vasana Pillay,45,Female,Bhopal,9876000330,vasanapillay330@syntheticdata.org,2903731,Active,2025-10-12 10:49:20
C00331,Rayaan Prabhu,18,Male,Indore,9876000331,rayaanprabhu331@demo-mail.com,1622835,Active,2025-08-26 10:49:20
C00332,Jackson Sinha,49,Male,Ahmedabad,9876000332,jacksonsinha332@example.com,421730,Active,2025-06-09 10:49:20
C00333,Omisha Kant,43,Female,Vadodara,9876000333,omishakant333@testmail.com,1304503,Active,2024-10-14 10:49:20
C00334,Vincent Mittal,63,Male,Indore,9876000334,vincentmittal334@syntheticdata.org,783728,Active,2025-08-17 10:49:20
C00335,Dalbir Dey,30,Male,Jaipur,9876000335,dalbirdey335@demo-mail.com,214426,Active,2025-02-09 10:49:20
C00336,Anirudh Modi,25,Male,Visakhapatnam,9876000336,anirudhmodi336@example.com,1169552,Active,2025-07-15 10:49:20
C00337,Dalbir Chatterjee,36,Male,Hyderabad,9876000337,dalbirchatterjee337@testmail.com,1186213,Active,2025-05-24 10:49:20
C00338,Ekansh Rama,30,Male,Pune,9876000338,ekanshrama338@syntheticdata.org,453171,Active,2025-09-30 10:49:20
C00339,Qasim Zachariah,48,Male,Vadodara,9876000339,qasimzachariah339@demo-mail.com,466595,Active,2025-10-06 10:49:20
C00340,Garima Sachdeva,32,Female,Vadodara,9876000340,garimasachdeva340@example.com,2675673,Active,2025-12-01 10:49:20
C00341,Wishi Reddy,24,Female,Pune,9876000341,wishireddy341@testmail.com,1639868,Active,2024-12-30 10:49:20
C00342,Anamika Prabhakar,45,Female,Jaipur,9876000342,anamikaprabhakar342@syntheticdata.org,356939,Active,2025-02-08 10:49:20
C00343,Tristan Saxena,46,Male,Ahmedabad,9876000343,tristansaxena343@demo-mail.com,383700,Active,2025-03-06 10:49:20
C00344,Pratyush Chaudhary,52,Male,Mumbai,9876000344,pratyushchaudhary344@example.com,2268359,Active,2025-05-11 10:49:20
C00345,Praneel Bhat,26,Male,Indore,9876000345,praneelbhat345@testmail.com,663438,Active,2024-11-01 10:49:20
C00346,Lakshit Gupta,21,Male,Lucknow,9876000346,lakshitgupta346@syntheticdata.org,849648,Active,2025-05-30 10:49:20
C00347,Vasana Chand,18,Female,Delhi,9876000347,vasanachand347@demo-mail.com,915805,Active,2025-09-03 10:49:20
C00348,Aishani Bedi,53,Female,Bengaluru,9876000348,aishanibedi348@example.com,1352555,Active,2025-07-17 10:49:20
C00349,Jairaj Dass,39,Male,Ludhiana,9876000349,jairajdass349@testmail.com,955300,Active,2024-12-30 10:49:20
C00350,Bakhshi Johal,22,Male,Visakhapatnam,9876000350,bakhshijohal350@syntheticdata.org,2378327,Active,2025-03-21 10:49:20
C00351,Jackson Narasimhan,37,Male,Ghaziabad,9876000351,jacksonnarasimhan351@demo-mail.com,1126986,Active,2025-07-20 10:49:20
C00352,Aarav Malhotra,44,Male,Surat,9876000352,aaravmalhotra352@example.com,1330249,Active,2025-06-15 10:49:20
C00353,Dhruv Zachariah,26,Male,Kolkata,9876000353,dhruvzachariah353@testmail.com,1018660,Active,2024-11-29 10:49:20
C00354,Harita Choudhary,41,Female,Pune,9876000354,haritachoudhary354@syntheticdata.org,1046044,Active,2024-10-13 10:49:20
C00355,Dominic Aurora,55,Male,Indore,9876000355,dominicaurora355@demo-mail.com,1340930,Active,2025-02-23 10:49:20
C00356,Kashish Naik,29,Female,Surat,9876000356,kashishnaik356@example.com,471716,Active,2025-10-13 10:49:20
C00357,Harita Lanka,24,Female,Kanpur,9876000357,haritalanka357@testmail.com,2975746,Active,2025-10-28 10:49:20
C00358,Edhitha Sama,34,Female,Indore,9876000358,edhithasama358@syntheticdata.org,2742237,Active,2025-11-27 10:49:20
C00359,Azad Soni,36,Male,Lucknow,9876000359,azadsoni359@demo-mail.com,344685,Active,2025-06-02 10:49:20
C00360,Pratyush Varghese,49,Male,Indore,9876000360,pratyushvarghese360@example.com,859102,Active,2025-03-08 10:49:20
C00361,Upkaar Thakur,34,Male,Lucknow,9876000361,upkaarthakur361@testmail.com,1222568,Active,2025-12-11 10:49:20
C00362,Anya Verma,30,Female,Kanpur,9876000362,anyaverma362@syntheticdata.org,1407411,Active,2025-10-19 10:49:20
C00363,Veer Balasubramanian,23,Male,Indore,9876000363,veerbalasubramanian363@demo-mail.com,324210,Active,2025-05-08 10:49:20
C00364,Wriddhish Ratti,18,Male,Jaipur,9876000364,wriddhishratti364@example.com,469545,Active,2024-12-04 10:49:20
C00365,Chatura Swaminathan,20,Male,Chennai,9876000365,chaturaswaminathan365@testmail.com,2580002,Active,2025-07-03 10:49:20
C00366,Balhaar Buch,20,Male,Visakhapatnam,9876000366,balhaarbuch366@syntheticdata.org,906996,Active,2025-09-14 10:49:20
C00367,Ethan Bhatti,32,Male,Ahmedabad,9876000367,ethanbhatti367@demo-mail.com,626771,Active,2024-10-26 10:49:20
C00368,Laksh Nair,18,Male,Chennai,9876000368,lakshnair368@example.com,187027,Active,2025-09-06 10:49:20
C00369,Zilmil Menon,18,Female,Bengaluru,9876000369,zilmilmenon369@testmail.com,1323361,Active,2025-09-12 10:49:20
C00370,Yashawini Sani,35,Female,Thane,9876000370,yashawinisani370@syntheticdata.org,549317,Active,2025-09-06 10:49:20
C00371,Deepa Kale,58,Female,Ghaziabad,9876000371,deepakale371@demo-mail.com,124976,Active,2025-06-28 10:49:20
C00372,Upkaar Kari,49,Male,Lucknow,9876000372,upkaarkari372@example.com,1097184,Active,2024-09-16 10:49:20
C00373,Omkaar Setty,32,Male,Jaipur,9876000373,omkaarsetty373@testmail.com,396942,Active,2025-06-11 10:49:20
C00374,Sarthak Chandran,22,Male,Visakhapatnam,9876000374,sarthakchandran374@syntheticdata.org,2994999,Active,2025-04-06 10:49:20
C00375,Tanay Munshi,66,Male,Delhi,9876000375,tanaymunshi375@demo-mail.com,560369,Active,2025-01-06 10:49:20
C00376,Rachit Dua,36,Male,Bengaluru,9876000376,rachitdua376@example.com,404985,Active,2025-04-29 10:49:20
C00377,Bahadurjit Chand,38,Male,Ghaziabad,9876000377,bahadurjitchand377@testmail.com,197953,Active,2025-09-22 10:49:20
C00378,Charita Sankaran,34,Female,Delhi,9876000378,charitasankaran378@syntheticdata.org,671619,Active,2025-10-01 10:49:20
C00379,Ria De,35,Female,Kolkata,9876000379,riade379@demo-mail.com,1008357,Active,2025-04-13 10:49:20
C00380,Omya Das,29,Female,Delhi,9876000380,omyadas380@example.com,559138,Active,2025-10-02 10:49:20
C00381,Raagini Sampath,32,Female,Lucknow,9876000381,raaginisampath381@testmail.com,1727737,Active,2024-09-25 10:49:20
C00382,Mitali Muni,18,Female,Chennai,9876000382,mitalimuni382@syntheticdata.org,2041221,Active,2025-08-10 10:49:20
C00383,Charles Tripathi,49,Male,Thane,9876000383,charlestripathi383@demo-mail.com,332663,Active,2025-06-21 10:49:20
C00384,Faras Subramaniam,31,Male,Kanpur,9876000384,farassubramaniam384@example.com,510574,Active,2025-02-27 10:49:20
C00385,Chatura Palla,19,Male,Lucknow,9876000385,chaturapalla385@testmail.com,364720,Active,2024-09-08 10:49:20
C00386,Deepa Mallick,26,Female,Lucknow,9876000386,deepamallick386@syntheticdata.org,2053975,Active,2024-09-30 10:49:20
C00387,Upadhriti Bal,47,Female,Nagpur,9876000387,upadhritibal387@demo-mail.com,524386,Active,2025-08-18 10:49:20
C00388,Amrita Gole,51,Female,Ludhiana,9876000388,amritagole388@example.com,472085,Active,2025-01-30 10:49:20
C00389,Mohammed Nori,44,Male,Ahmedabad,9876000389,mohammednori389@testmail.com,312027,Active,2025-01-18 10:49:20
C00390,Aarini Golla,29,Female,Nagpur,9876000390,aarinigolla390@syntheticdata.org,2444394,Active,2025-08-10 10:49:20
C00391,Suhani Boase,41,Female,Jaipur,9876000391,suhaniboase391@demo-mail.com,210509,Active,2025-07-08 10:49:20
C00392,Amruta Chand,33,Female,Ahmedabad,9876000392,amrutachand392@example.com,394461,Active,2025-10-11 10:49:20
C00393,Riya Saini,31,Female,Visakhapatnam,9876000393,riyasaini393@testmail.com,2769114,Active,2025-07-22 10:49:20
C00394,Onkar Dugar,31,Male,Kanpur,9876000394,onkardugar394@syntheticdata.org,2468936,Active,2025-01-18 10:49:20
C00395,Nachiket Nair,49,Male,Kolkata,9876000395,nachiketnair395@demo-mail.com,684486,Active,2025-09-09 10:49:20
C00396,Atharv Dugal,43,Male,Surat,9876000396,atharvdugal396@example.com,531534,Active,2024-10-31 10:49:20
C00397,Aryan Bumb,39,Male,Hyderabad,9876000397,aryanbumb397@testmail.com,280141,Active,2025-05-16 10:49:20
C00398,Vaishnavi Samra,20,Female,Visakhapatnam,9876000398,vaishnavisamra398@syntheticdata.org,2828275,Active,2025-02-01 10:49:20
C00399,Vaishnavi Sachdeva,29,Female,Ludhiana,9876000399,vaishnavisachdeva399@demo-mail.com,1815077,Active,2025-02-21 10:49:20
C00400,Hritik Vala,48,Male,Chennai,9876000400,hritikvala400@example.com,558831,Active,2025-09-11 10:49:20
C00401,Pooja Sani,18,Female,Chennai,9876000401,poojasani401@testmail.com,357177,Active,2024-09-04 10:49:20
C00402,Lucky Sur,43,Male,Surat,9876000402,luckysur402@syntheticdata.org,1461654,Active,2025-06-21 10:49:20
C00403,Arin Kannan,18,Male,Thane,9876000403,arinkannan403@demo-mail.com,892514,Active,2024-12-13 10:49:20
C00404,Ayaan Amble,38,Male,Bhopal,9876000404,ayaanamble404@example.com,610397,Active,2024-11-20 10:49:20
C00405,Matthew Kakar,29,Male,Ghaziabad,9876000405,matthewkakar405@testmail.com,842531,Active,2025-04-06 10:49:20
C00406,Lakshmi Mann,35,Female,Nagpur,9876000406,lakshmimann406@syntheticdata.org,459930,Active,2025-03-15 10:49:20
C00407,Dipta Amble,49,Female,Kolkata,9876000407,diptaamble407@demo-mail.com,789920,Active,2024-10-22 10:49:20
C00408,Upasna Gill,31,Female,Delhi,9876000408,upasnagill408@example.com,222097,Active,2025-11-03 10:49:20
C00409,Ranveer Walia,35,Male,Hyderabad,9876000409,ranveerwalia409@testmail.com,325821,Active,2025-05-04 10:49:20
C00410,Yamini Pandya,19,Female,Jaipur,9876000410,yaminipandya410@syntheticdata.org,1622970,Active,2024-11-03 10:49:20
C00411,Rushil Basak,44,Male,Visakhapatnam,9876000411,rushilbasak411@demo-mail.com,2735888,Active,2025-03-24 10:49:20
C00412,Aditya Sharaf,36,Male,Surat,9876000412,adityasharaf412@example.com,444424,Active,2025-11-08 10:49:20
C00413,Naksh Sanghvi,40,Male,Mumbai,9876000413,nakshsanghvi413@testmail.com,745077,Active,2025-03-03 10:49:20
C00414,Turvi Mann,38,Female,Surat,9876000414,turvimann414@syntheticdata.org,746650,Active,2024-09-23 10:49:20
C00415,Samaksh Bail,24,Male,Mumbai,9876000415,samakshbail415@demo-mail.com,998760,Active,2024-10-02 10:49:20
C00416,Harinakshi Sharma,48,Female,Lucknow,9876000416,harinakshisharma416@example.com,463532,Active,2024-10-22 10:49:20
C00417,Chaitanya Sarkar,41,Male,Bhopal,9876000417,chaitanyasarkar417@testmail.com,124178,Active,2024-10-23 10:49:20
C00418,Keya Sarin,39,Female,Bhopal,9876000418,keyasarin418@syntheticdata.org,1040465,Active,2024-08-15 10:49:20
C00419,Zaitra Brar,47,Female,Mumbai,9876000419,zaitrabrar419@demo-mail.com,1098533,Active,2025-10-14 10:49:20
C00420,Mohammed Nori,18,Male,Ludhiana,9876000420,mohammednori420@example.com,317189,Active,2024-10-08 10:49:20
C00421,Osha Ganguly,20,Female,Surat,9876000421,oshaganguly421@testmail.com,542269,Active,2024-09-06 10:49:20
C00422,Dakshesh Wali,42,Male,Ludhiana,9876000422,daksheshwali422@syntheticdata.org,574519,Active,2024-10-08 10:49:20
C00423,Priya Panchal,27,Female,Bhopal,9876000423,priyapanchal423@demo-mail.com,349198,Active,2024-08-21 10:49:20
C00424,Kamya Chauhan,28,Female,Ghaziabad,9876000424,kamyachauhan424@example.com,759824,Active,2024-10-25 10:49:20
C00425,Kabir Hora,19,Male,Mumbai,9876000425,kabirhora425@testmail.com,255156,Active,2024-12-14 10:49:20
C00426,Ganga Borra,24,Female,Chennai,9876000426,gangaborra426@syntheticdata.org,335234,Active,2024-09-25 10:49:20
C00427,Xiti Shetty,48,Female,Kanpur,9876000427,xitishetty427@demo-mail.com,2161681,Active,2025-05-09 10:49:20
C00428,Ojasvi Mutti,41,Female,Visakhapatnam,9876000428,ojasvimutti428@example.com,398377,Active,2025-02-28 10:49:20
C00429,Urvi Bir,38,Female,Delhi,9876000429,urvibir429@testmail.com,201677,Active,2025-02-20 10:49:20
C00430,Timothy Mitter,29,Male,Mumbai,9876000430,timothymitter430@syntheticdata.org,946730,Active,2024-09-16 10:49:20
C00431,Ayaan Pandey,37,Male,Hyderabad,9876000431,ayaanpandey431@demo-mail.com,678264,Active,2025-08-24 10:49:20
C00432,Nilima Shenoy,49,Female,Ahmedabad,9876000432,nilimashenoy432@example.com,1570557,Active,2025-05-19 10:49:20
C00433,Anirudh Bhandari,27,Male,Chennai,9876000433,anirudhbhandari433@testmail.com,391326,Active,2025-07-29 10:49:20
C00434,Luke Bose,35,Male,Bhopal,9876000434,lukebose434@syntheticdata.org,381593,Active,2025-10-02 10:49:20
C00435,Zehaan Rajagopalan,57,Male,Thane,9876000435,zehaanrajagopalan435@demo-mail.com,2095724,Active,2024-11-24 10:49:20
C00436,Ansh Sengupta,44,Male,Kolkata,9876000436,anshsengupta436@example.com,789679,Active,2025-01-21 10:49:20
C00437,Oeshi Soni,29,Female,Visakhapatnam,9876000437,oeshisoni437@testmail.com,1125227,Active,2025-10-04 10:49:20
C00438,Bhavani Seshadri,43,Female,Pune,9876000438,bhavaniseshadri438@syntheticdata.org,1977558,Active,2025-07-10 10:49:20
C00439,Onveer Chad,18,Male,Kanpur,9876000439,onveerchad439@demo-mail.com,400370,Active,2024-09-06 10:49:20
C00440,Anusha Kota,35,Female,Lucknow,9876000440,anushakota440@example.com,666620,Active,2025-09-26 10:49:20
C00441,Theodore Viswanathan,43,Male,Nagpur,9876000441,theodoreviswanathan441@testmail.com,325922,Active,2025-11-14 10:49:20
C00442,Rajata Pradhan,40,Female,Lucknow,9876000442,rajatapradhan442@syntheticdata.org,966666,Active,2025-04-24 10:49:20
C00443,Sara Rege,42,Female,Kanpur,9876000443,sararege443@demo-mail.com,1312226,Active,2025-05-05 10:49:20
C00444,Atharv Natt,46,Male,Bengaluru,9876000444,atharvnatt444@example.com,214874,Active,2024-09-22 10:49:20
C00445,Nitesh Chandra,41,Male,Chennai,9876000445,niteshchandra445@testmail.com,305981,Active,2025-01-24 10:49:20
C00446,Lucky Krishnan,41,Male,Lucknow,9876000446,luckykrishnan446@syntheticdata.org,188619,Active,2025-01-16 10:49:20
C00447,Ojas Bumb,38,Male,Indore,9876000447,ojasbumb447@demo-mail.com,1011151,Active,2025-03-28 10:49:20
C00448,Parth Mukherjee,23,Male,Delhi,9876000448,parthmukherjee448@example.com,471271,Active,2025-11-22 10:49:20
C00449,Dhruv Chad,48,Male,Indore,9876000449,dhruvchad449@testmail.com,1373952,Active,2025-09-22 10:49:20
C00450,Riya Narasimhan,35,Female,Bengaluru,9876000450,riyanarasimhan450@syntheticdata.org,447576,Active,2025-03-08 10:49:20
C00451,Chakradhar Sampath,44,Male,Chennai,9876000451,chakradharsampath451@demo-mail.com,480309,Active,2024-10-25 10:49:20
C00452,Adya Patil,46,Female,Thane,9876000452,adyapatil452@example.com,2726265,Active,2024-09-16 10:49:20
C00453,Gautam Kala,37,Male,Kanpur,9876000453,gautamkala453@testmail.com,707008,Active,2025-12-12 10:49:20
C00454,Watika Handa,30,Female,Ludhiana,9876000454,watikahanda454@syntheticdata.org,608510,Active,2025-03-31 10:49:20
C00455,Ekantika Dubey,38,Female,Kanpur,9876000455,ekantikadubey455@demo-mail.com,805887,Active,2024-09-21 10:49:20
C00456,Neelima Chaudhuri,30,Female,Visakhapatnam,9876000456,neelimachaudhuri456@example.com,1152290,Active,2025-01-20 10:49:20
C00457,Pahal Deep,33,Female,Surat,9876000457,pahaldeep457@testmail.com,488406,Active,2024-08-26 10:49:20
C00458,Ganga Gaba,53,Female,Bhopal,9876000458,gangagaba458@syntheticdata.org,241126,Active,2025-11-23 10:49:20
C00459,Gayathri Sarma,38,Female,Pune,9876000459,gayathrisarma459@demo-mail.com,694240,Active,2025-08-08 10:49:20
C00460,Samesh Patla,39,Male,Ludhiana,9876000460,sameshpatla460@example.com,709664,Active,2025-11-25 10:49:20
C00461,Sachi Mane,46,Other,Kolkata,9876000461,sachimane461@testmail.com,1439041,Active,2025-10-23 10:49:20
C00462,Jackson Walla,36,Male,Chennai,9876000462,jacksonwalla462@syntheticdata.org,866487,Active,2025-03-28 10:49:20
C00463,Dayamai Singh,48,Other,Lucknow,9876000463,dayamaisingh463@demo-mail.com,423538,Active,2025-08-11 10:49:20
C00464,Qarin Sastry,29,Male,Vadodara,9876000464,qarinsastry464@example.com,931888,Active,2025-01-13 10:49:20
C00465,Megha Raja,52,Female,Chennai,9876000465,megharaja465@testmail.com,695128,Active,2025-04-30 10:49:20
C00466,Faris Iyengar,30,Male,Kolkata,9876000466,farisiyengar466@syntheticdata.org,581746,Active,2024-12-12 10:49:20
C00467,Ladli Ben,53,Female,Mumbai,9876000467,ladliben467@demo-mail.com,1163824,Active,2025-06-02 10:49:20
C00468,Quincy Chauhan,30,Male,Vadodara,9876000468,quincychauhan468@example.com,1967395,Active,2025-11-08 10:49:20
C00469,Lucky Chacko,32,Male,Jaipur,9876000469,luckychacko469@testmail.com,758515,Active,2025-08-15 10:49:20
C00470,Madhavi Sengupta,23,Female,Visakhapatnam,9876000470,madhavisengupta470@syntheticdata.org,537884,Active,2025-03-10 10:49:20
C00471,Urmi Chand,26,Female,Bengaluru,9876000471,urmichand471@demo-mail.com,1428598,Active,2025-01-22 10:49:20
C00472,Varenya Palla,35,Female,Thane,9876000472,varenyapalla472@example.com,845894,Active,2025-05-04 10:49:20
C00473,Sarthak Bera,38,Male,Vadodara,9876000473,sarthakbera473@testmail.com,378266,Active,2024-11-14 10:49:20
C00474,Yashasvi Prakash,47,Female,Ahmedabad,9876000474,yashasviprakash474@syntheticdata.org,1350259,Active,2025-11-22 10:49:20
C00475,Sanya Bumb,33,Female,Hyderabad,9876000475,sanyabumb475@demo-mail.com,297613,Active,2025-01-15 10:49:20
C00476,Isaac Bala,22,Male,Lucknow,9876000476,isaacbala476@example.com,833421,Active,2024-12-06 10:49:20
C00477,Chandran Nayak,37,Male,Visakhapatnam,9876000477,chandrannayak477@testmail.com,684255,Active,2025-10-20 10:49:20
C00478,Ekapad Barad,41,Male,Kolkata,9876000478,ekapadbarad478@syntheticdata.org,314822,Active,2025-05-22 10:49:20
C00479,Warinder Dewan,28,Male,Jaipur,9876000479,warinderdewan479@demo-mail.com,203785,Active,2024-09-29 10:49:20
C00480,Vanya Ahluwalia,29,Female,Chennai,9876000480,vanyaahluwalia480@example.com,190847,Active,2025-06-06 10:49:20
C00481,Aditya Kunda,28,Male,Ludhiana,9876000481,adityakunda481@testmail.com,141980,Active,2025-06-18 10:49:20
C00482,Falan Wable,50,Male,Ghaziabad,9876000482,falanwable482@syntheticdata.org,2950564,Active,2025-10-29 10:49:20
C00483,Christopher Mani,53,Male,Delhi,9876000483,christophermani483@demo-mail.com,448535,Active,2025-09-11 10:49:20
C00484,Nidhi Dara,26,Female,Kolkata,9876000484,nidhidara484@example.com,798708,Active,2025-03-14 10:49:20
C00485,Kashvi Saini,41,Female,Mumbai,9876000485,kashvisaini485@testmail.com,701997,Active,2025-06-30 10:49:20
C00486,Bhavika Choudhry,38,Female,Jaipur,9876000486,bhavikachoudhry486@syntheticdata.org,1033646,Active,2025-09-29 10:49:20
C00487,Adweta Varma,18,Female,Nagpur,9876000487,adwetavarma487@demo-mail.com,1022078,Active,2024-09-19 10:49:20
C00488,Eshana Manne,28,Female,Chennai,9876000488,eshanamanne488@example.com,1299873,Active,2025-04-17 10:49:20
C00489,Aadi Pandit,31,Male,Lucknow,9876000489,aadipandit489@testmail.com,483148,Active,2025-01-20 10:49:20
C00490,Turvi Grover,39,Female,Lucknow,9876000490,turvigrover490@syntheticdata.org,368992,Active,2025-10-27 10:49:20
C00491,Pranit Bir,40,Male,Nagpur,9876000491,pranitbir491@demo-mail.com,2281372,Active,2025-02-18 10:49:20
C00492,Saumya Singhal,33,Female,Hyderabad,9876000492,saumyasinghal492@example.com,835420,Active,2025-04-08 10:49:20
C00493,Rishi Prakash,26,Male,Thane,9876000493,rishiprakash493@testmail.com,733778,Active,2024-10-01 10:49:20
C00494,Abhiram Parikh,35,Male,Nagpur,9876000494,abhiramparikh494@syntheticdata.org,394575,Active,2025-03-15 10:49:20
C00495,Orinder Khosla,57,Male,Chennai,9876000495,orinderkhosla495@demo-mail.com,471101,Active,2025-12-04 10:49:20
C00496,Osha Deol,29,Female,Lucknow,9876000496,oshadeol496@example.com,1266086,Active,2024-11-02 10:49:20
C00497,Qushi Nigam,38,Female,Visakhapatnam,9876000497,qushinigam497@testmail.com,945632,Active,2025-11-06 10:49:20
C00498,Vincent Srinivas,66,Male,Mumbai,9876000498,vincentsrinivas498@syntheticdata.org,2719490,Active,2025-03-02 10:49:20
C00499,Ekanta Bhatnagar,29,Female,Surat,9876000499,ekantabhatnagar499@demo-mail.com,813028,Active,2025-02-09 10:49:20
C00500,Andrew Memon,44,Male,Jaipur,9876000500,andrewmemon500@example.com,740325,Active,2025-11-07 10:49:20
C00501,Anya Iyengar,58,Female,Bhopal,9876000501,anyaiyengar501@testmail.com,1290767,Active,2024-08-17 10:49:20
C00502,Nisha Mukherjee,43,Female,Indore,9876000502,nishamukherjee502@syntheticdata.org,2760931,Active,2024-12-26 10:49:20
C00503,Vritti Kulkarni,49,Female,Nagpur,9876000503,vrittikulkarni503@demo-mail.com,1280565,Active,2025-03-06 10:49:20
C00504,Girish Mangal,45,Male,Vadodara,9876000504,girishmangal504@example.com,1127724,Active,2025-05-23 10:49:20
C00505,Arjun Narula,42,Male,Nagpur,9876000505,arjunnarula505@testmail.com,378453,Active,2025-09-08 10:49:20
C00506,Diya Pillai,52,Female,Ludhiana,9876000506,diyapillai506@syntheticdata.org,180270,Active,2024-10-12 10:49:20
C00507,Ryan Sarraf,43,Male,Hyderabad,9876000507,ryansarraf507@demo-mail.com,1292784,Active,2025-09-23 10:49:20
C00508,Harinakshi Grover,33,Other,Vadodara,9876000508,harinakshigrover508@example.com,715038,Active,2025-09-03 10:49:20
C00509,Yuvraj Pillai,50,Male,Ludhiana,9876000509,yuvrajpillai509@testmail.com,181089,Active,2025-04-26 10:49:20
C00510,Benjamin Samra,26,Male,Delhi,9876000510,benjaminsamra510@syntheticdata.org,2708747,Active,2025-01-30 10:49:20
C00511,Upasna Gole,36,Female,Visakhapatnam,9876000511,upasnagole511@demo-mail.com,505747,Active,2025-06-19 10:49:20
C00512,Oeshi Chauhan,51,Female,Ahmedabad,9876000512,oeshichauhan512@example.com,758334,Active,2025-06-22 10:49:20
C00513,Nihal Merchant,38,Male,Nagpur,9876000513,nihalmerchant513@testmail.com,669919,Active,2025-08-26 10:49:20
C00514,Vansha Sandhu,19,Female,Ghaziabad,9876000514,vanshasandhu514@syntheticdata.org,1070605,Active,2025-10-11 10:49:20
C00515,Vamakshi Panchal,44,Female,Bhopal,9876000515,vamakshipanchal515@demo-mail.com,325194,Active,2025-01-13 10:49:20
C00516,Ansh Pandit,32,Male,Mumbai,9876000516,anshpandit516@example.com,1184925,Active,2025-07-23 10:49:20
C00517,Laksh Bhandari,38,Male,Indore,9876000517,lakshbhandari517@testmail.com,325681,Active,2025-09-24 10:49:20
C00518,Tanmayi Patla,34,Female,Mumbai,9876000518,tanmayipatla518@syntheticdata.org,360396,Active,2024-12-26 10:49:20
C00519,Amruta Dhar,39,Female,Ghaziabad,9876000519,amrutadhar519@demo-mail.com,474171,Active,2025-08-17 10:49:20
C00520,Anay Date,30,Male,Bhopal,9876000520,anaydate520@example.com,770867,Active,2025-07-01 10:49:20
C00521,Kamya Peri,38,Female,Nagpur,9876000521,kamyaperi521@testmail.com,2533075,Active,2025-07-27 10:49:20
C00522,Rehaan Bali,37,Male,Ghaziabad,9876000522,rehaanbali522@syntheticdata.org,412359,Active,2024-10-08 10:49:20
C00523,Umang Prabhakar,50,Male,Thane,9876000523,umangprabhakar523@demo-mail.com,541168,Active,2024-10-29 10:49:20
C00524,Tristan Bose,18,Male,Kolkata,9876000524,tristanbose524@example.com,1284383,Active,2025-09-13 10:49:20
C00525,Zilmil Peri,29,Female,Bhopal,9876000525,zilmilperi525@testmail.com,767045,Active,2025-08-24 10:49:20
C00526,Nirja Mallick,40,Female,Ahmedabad,9876000526,nirjamallick526@syntheticdata.org,129343,Active,2025-05-27 10:49:20
C00527,Dakshesh Bal,54,Male,Bhopal,9876000527,daksheshbal527@demo-mail.com,379652,Active,2025-01-20 10:49:20
C00528,Yahvi Vasa,35,Female,Thane,9876000528,yahvivasa528@example.com,215148,Active,2025-02-04 10:49:20
C00529,Dhriti Lala,31,Female,Pune,9876000529,dhritilala529@testmail.com,498907,Active,2024-11-19 10:49:20
C00530,Vansha Kala,18,Female,Pune,9876000530,vanshakala530@syntheticdata.org,182177,Active,2024-12-06 10:49:20
C00531,Xalak Iyengar,18,Female,Jaipur,9876000531,xalakiyengar531@demo-mail.com,787145,Active,2025-08-08 10:49:20
C00532,Ekansh Borah,23,Male,Bhopal,9876000532,ekanshborah532@example.com,574143,Active,2025-02-07 10:49:20
C00533,Harini Saxena,44,Female,Pune,9876000533,harinisaxena533@testmail.com,1112449,Active,2025-06-02 10:49:20
C00534,Odika Palan,20,Female,Nagpur,9876000534,odikapalan534@syntheticdata.org,872975,Active,2025-03-03 10:49:20
C00535,Mohini Mital,46,Female,Ahmedabad,9876000535,mohinimital535@demo-mail.com,635952,Active,2025-01-07 10:49:20
C00536,Harita Pathak,43,Female,Bengaluru,9876000536,haritapathak536@example.com,877755,Active,2025-03-27 10:49:20
C00537,Divya Iyer,34,Female,Bhopal,9876000537,divyaiyer537@testmail.com,1074673,Active,2025-10-10 10:49:20
C00538,Kashish Tak,18,Female,Vadodara,9876000538,kashishtak538@syntheticdata.org,493912,Active,2024-10-22 10:49:20
C00539,Pranit Pillay,27,Male,Ghaziabad,9876000539,pranitpillay539@demo-mail.com,868401,Active,2024-09-07 10:49:20
C00540,Eiravati Chadha,33,Female,Visakhapatnam,9876000540,eiravatichadha540@example.com,691794,Active,2024-12-10 10:49:20
C00541,Mohammed Rao,40,Male,Indore,9876000541,mohammedrao541@testmail.com,528021,Active,2025-04-11 10:49:20
C00542,Samesh Rout,20,Male,Ahmedabad,9876000542,sameshrout542@syntheticdata.org,2782973,Active,2025-05-21 10:49:20
C00543,Edhitha Nadig,53,Female,Chennai,9876000543,edhithanadig543@demo-mail.com,925889,Active,2025-12-04 10:49:20
C00544,Varenya Shukla,40,Female,Bhopal,9876000544,varenyashukla544@example.com,1193830,Active,2024-11-23 10:49:20
C00545,Eesha Gopal,41,Female,Jaipur,9876000545,eeshagopal545@testmail.com,1260305,Active,2025-07-09 10:49:20
C00546,Tarak Thakkar,43,Male,Bengaluru,9876000546,tarakthakkar546@syntheticdata.org,169873,Active,2024-12-09 10:49:20
C00547,Diya Vasa,51,Female,Delhi,9876000547,diyavasa547@demo-mail.com,1464038,Active,2024-11-10 10:49:20
C00548,Max Gala,41,Male,Chennai,9876000548,maxgala548@example.com,332622,Active,2024-08-31 10:49:20
C00549,Ekantika Kar,35,Other,Nagpur,9876000549,ekantikakar549@testmail.com,418852,Active,2024-11-16 10:49:20
C00550,Yochana Mander,27,Female,Jaipur,9876000550,yochanamander550@syntheticdata.org,460289,Active,2024-08-17 10:49:20
C00551,Jeremiah Hegde,57,Male,Ludhiana,9876000551,jeremiahhegde551@demo-mail.com,2186551,Active,2025-01-31 10:49:20
C00552,Dev Mitter,37,Male,Vadodara,9876000552,devmitter552@example.com,222217,Active,2025-11-11 10:49:20
C00553,Yashasvi Ganguly,27,Female,Visakhapatnam,9876000553,yashasviganguly553@testmail.com,1217803,Active,2024-11-19 10:49:20
C00554,Harinakshi Nazareth,30,Female,Lucknow,9876000554,harinakshinazareth554@syntheticdata.org,510458,Active,2025-04-04 10:49:20
C00555,Amrita Bumb,18,Female,Chennai,9876000555,amritabumb555@demo-mail.com,1515915,Active,2025-02-01 10:49:20
C00556,Libni Kade,30,Female,Ghaziabad,9876000556,libnikade556@example.com,348008,Active,2024-11-19 10:49:20
C00557,Alexander Tank,18,Male,Nagpur,9876000557,alexandertank557@testmail.com,510414,Active,2025-05-03 10:49:20
C00558,Matthew Subramanian,45,Male,Nagpur,9876000558,matthewsubramanian558@syntheticdata.org,416343,Active,2024-11-15 10:49:20
C00559,Nidra Mishra,41,Other,Bhopal,9876000559,nidramishra559@demo-mail.com,535657,Active,2024-12-18 10:49:20
C00560,Balhaar Bhasin,24,Male,Nagpur,9876000560,balhaarbhasin560@example.com,717841,Active,2025-09-02 10:49:20
C00561,Thomas Sagar,35,Male,Lucknow,9876000561,thomassagar561@testmail.com,1387996,Active,2025-08-18 10:49:20
C00562,Vedika Jani,35,Female,Pune,9876000562,vedikajani562@syntheticdata.org,354899,Active,2025-08-02 10:49:20
C00563,Ekbal Munshi,22,Male,Hyderabad,9876000563,ekbalmunshi563@demo-mail.com,1132218,Active,2024-11-02 10:49:20
C00564,Orinder Rastogi,33,Male,Visakhapatnam,9876000564,orinderrastogi564@example.com,661459,Active,2025-11-10 10:49:20
C00565,Reva Varma,38,Female,Jaipur,9876000565,revavarma565@testmail.com,153389,Active,2025-07-06 10:49:20
C00566,Odika Khurana,18,Female,Jaipur,9876000566,odikakhurana566@syntheticdata.org,815564,Active,2024-12-04 10:49:20
C00567,Darsh Loke,23,Male,Ahmedabad,9876000567,darshloke567@demo-mail.com,1010787,Active,2025-04-02 10:49:20
C00568,Krishna Dhaliwal,32,Female,Ludhiana,9876000568,krishnadhaliwal568@example.com,1120518,Active,2025-08-07 10:49:20
C00569,Arya Mannan,29,Female,Bhopal,9876000569,aryamannan569@testmail.com,442115,Active,2025-09-27 10:49:20
C00570,Ubika Kothari,42,Female,Kolkata,9876000570,ubikakothari570@syntheticdata.org,407512,Active,2025-07-27 10:49:20
C00571,Omisha Munshi,52,Female,Bengaluru,9876000571,omishamunshi571@demo-mail.com,132003,Active,2025-05-10 10:49:20
C00572,Gauri Tara,47,Female,Bengaluru,9876000572,gauritara572@example.com,2110667,Active,2024-10-09 10:49:20
C00573,Zaid Morar,40,Male,Vadodara,9876000573,zaidmorar573@testmail.com,839321,Active,2024-11-24 10:49:20
C00574,Alka Chana,44,Female,Ahmedabad,9876000574,alkachana574@syntheticdata.org,1221555,Active,2025-10-24 10:49:20
C00575,Yashawini Shankar,48,Female,Hyderabad,9876000575,yashawinishankar575@demo-mail.com,150444,Active,2025-08-15 10:49:20
C00576,Janaki Pandit,29,Female,Bengaluru,9876000576,janakipandit576@example.com,842149,Active,2025-03-29 10:49:20
C00577,Arya Manda,51,Female,Thane,9876000577,aryamanda577@testmail.com,2123709,Active,2025-03-13 10:49:20
C00578,Wahab Mangal,38,Male,Delhi,9876000578,wahabmangal578@syntheticdata.org,364560,Active,2025-07-23 10:49:20
C00579,Darika Sankar,56,Female,Mumbai,9876000579,darikasankar579@demo-mail.com,573467,Active,2025-10-05 10:49:20
C00580,Kevin Pau,38,Male,Kolkata,9876000580,kevinpau580@example.com,142934,Active,2024-09-05 10:49:20
C00581,Qadim Bath,28,Male,Bengaluru,9876000581,qadimbath581@testmail.com,451278,Active,2024-09-12 10:49:20
C00582,Ati Hayer,30,Female,Bengaluru,9876000582,atihayer582@syntheticdata.org,332436,Active,2025-04-11 10:49:20
C00583,Maanas Borah,29,Male,Indore,9876000583,maanasborah583@demo-mail.com,1210729,Active,2024-10-21 10:49:20
C00584,Yashawini Seshadri,35,Female,Indore,9876000584,yashawiniseshadri584@example.com,999827,Active,2025-11-12 10:49:20
C00585,Daniel Dave,61,Male,Nagpur,9876000585,danieldave585@testmail.com,1147282,Active,2025-07-28 10:49:20
C00586,Shravya Prakash,36,Female,Vadodara,9876000586,shravyaprakash586@syntheticdata.org,1719268,Active,2025-10-27 10:49:20
C00587,Qadim Dhawan,37,Male,Chennai,9876000587,qadimdhawan587@demo-mail.com,468955,Active,2025-03-02 10:49:20
C00588,Yashoda Ratti,38,Female,Surat,9876000588,yashodaratti588@example.com,366859,Active,2025-09-04 10:49:20
C00589,Arin Barad,32,Male,Jaipur,9876000589,arinbarad589@testmail.com,1281445,Active,2025-08-16 10:49:20
C00590,Osha Som,18,Female,Vadodara,9876000590,oshasom590@syntheticdata.org,1154452,Active,2024-12-08 10:49:20
C00591,Falan Varma,30,Male,Kanpur,9876000591,falanvarma591@demo-mail.com,811341,Active,2024-11-17 10:49:20
C00592,Omisha Nagar,54,Female,Hyderabad,9876000592,omishanagar592@example.com,1993662,Active,2025-07-17 10:49:20
C00593,Ronith Mistry,38,Male,Mumbai,9876000593,ronithmistry593@testmail.com,894754,Active,2024-09-16 10:49:20
C00594,Zehaan Upadhyay,48,Male,Delhi,9876000594,zehaanupadhyay594@syntheticdata.org,1152732,Active,2025-07-23 10:49:20
C00595,Netra Soman,48,Female,Delhi,9876000595,netrasoman595@demo-mail.com,1310632,Active,2024-09-04 10:49:20
C00596,Qarin Narula,35,Male,Surat,9876000596,qarinnarula596@example.com,280254,Active,2025-09-03 10:49:20
C00597,Turvi Morar,43,Female,Delhi,9876000597,turvimorar597@testmail.com,2859781,Active,2025-01-08 10:49:20
C00598,Warjas Lanka,18,Male,Ghaziabad,9876000598,warjaslanka598@syntheticdata.org,689596,Active,2025-06-15 10:49:20
C00599,Ati Srinivasan,53,Female,Lucknow,9876000599,atisrinivasan599@demo-mail.com,1159802,Active,2025-11-04 10:49:20
C00600,Ranveer Divan,52,Male,Visakhapatnam,9876000600,ranveerdivan600@example.com,618411,Active,2025-01-13 10:49:20
C00601,Amol Choudhary,41,Male,Vadodara,9876000601,amolchoudhary601@testmail.com,770015,Active,2025-11-06 10:49:20
C00602,Adya Sastry,29,Female,Chennai,9876000602,adyasastry602@syntheticdata.org,489130,Active,2025-03-19 10:49:20
C00603,Ubika Doshi,27,Female,Delhi,9876000603,ubikadoshi603@demo-mail.com,802268,Active,2025-12-08 10:49:20
C00604,Ishani Roy,32,Female,Nagpur,9876000604,ishaniroy604@example.com,620753,Active,2025-01-23 10:49:20
C00605,Bhavani Devi,42,Female,Indore,9876000605,bhavanidevi605@testmail.com,2112488,Active,2025-02-21 10:49:20
C00606,Nicholas Sridhar,31,Male,Vadodara,9876000606,nicholassridhar606@syntheticdata.org,963336,Active,2025-10-21 10:49:20
C00607,Naksh Ghose,49,Male,Ahmedabad,9876000607,nakshghose607@demo-mail.com,439938,Active,2025-11-24 10:49:20
C00608,Onveer Pandya,18,Male,Indore,9876000608,onveerpandya608@example.com,829028,Active,2025-05-25 10:49:20
C00609,Warhi Handa,34,Female,Nagpur,9876000609,warhihanda609@testmail.com,732320,Active,2024-11-25 10:49:20
C00610,Liam Misra,20,Male,Bengaluru,9876000610,liammisra610@syntheticdata.org,1382308,Active,2025-10-20 10:49:20
C00611,Manthan Mani,30,Male,Vadodara,9876000611,manthanmani611@demo-mail.com,488532,Active,2024-11-18 10:49:20
C00612,Yash Nadig,40,Male,Nagpur,9876000612,yashnadig612@example.com,292440,Active,2025-06-17 10:49:20
C00613,Owen Mahal,36,Male,Bengaluru,9876000613,owenmahal613@testmail.com,803303,Active,2025-09-06 10:49:20
C00614,Divya Raghavan,20,Female,Vadodara,9876000614,divyaraghavan614@syntheticdata.org,1245995,Active,2024-11-27 10:49:20
C00615,Pooja Dhingra,18,Female,Lucknow,9876000615,poojadhingra615@demo-mail.com,1055430,Active,2025-11-21 10:49:20
C00616,Ansh Mani,30,Male,Kolkata,9876000616,anshmani616@example.com,376915,Active,2024-10-12 10:49:20
C00617,Prisha Sathe,42,Female,Bhopal,9876000617,prishasathe617@testmail.com,1127292,Active,2025-08-04 10:49:20
C00618,Wakeeta Kala,50,Female,Kolkata,9876000618,wakeetakala618@syntheticdata.org,927168,Active,2024-12-13 10:49:20
C00619,Lopa Magar,40,Female,Jaipur,9876000619,lopamagar619@demo-mail.com,1026819,Active,2025-05-13 10:49:20
C00620,Darika Khatri,41,Female,Jaipur,9876000620,darikakhatri620@example.com,1281444,Active,2025-05-02 10:49:20
C00621,Arya Wali,32,Female,Thane,9876000621,aryawali621@testmail.com,1831599,Active,2025-08-17 10:49:20
C00622,Jackson Ben,33,Male,Lucknow,9876000622,jacksonben622@syntheticdata.org,670768,Active,2025-02-18 10:49:20
C00623,Samuel Narayanan,27,Male,Delhi,9876000623,samuelnarayanan623@demo-mail.com,475910,Active,2024-12-04 10:49:20
C00624,Daksha Devan,44,Female,Mumbai,9876000624,dakshadevan624@example.com,784540,Active,2025-12-04 10:49:20
C00625,Gaurangi Ray,35,Female,Indore,9876000625,gaurangiray625@testmail.com,956511,Active,2024-11-21 10:49:20
C00626,William Iyengar,46,Male,Nagpur,9876000626,williamiyengar626@syntheticdata.org,292801,Active,2024-12-16 10:49:20
C00627,Oeshi Mangal,40,Female,Lucknow,9876000627,oeshimangal627@demo-mail.com,964036,Active,2025-10-07 10:49:20
C00628,Chaitanya Kata,61,Male,Bhopal,9876000628,chaitanyakata628@example.com,625686,Active,2025-08-23 10:49:20
C00629,Harita Sahni,34,Female,Chennai,9876000629,haritasahni629@testmail.com,1447958,Active,2025-05-19 10:49:20
C00630,Andrew Ranganathan,49,Male,Vadodara,9876000630,andrewranganathan630@syntheticdata.org,330641,Active,2025-12-16 10:49:20
C00631,Girik Mann,43,Male,Delhi,9876000631,girikmann631@demo-mail.com,883452,Active,2024-09-20 10:49:20
C00632,Aarna Misra,23,Female,Delhi,9876000632,aarnamisra632@example.com,401645,Active,2025-03-12 10:49:20
C00633,Oliver Mane,28,Male,Surat,9876000633,olivermane633@testmail.com,2789028,Active,2024-10-29 10:49:20
C00634,Yatin Desai,58,Male,Visakhapatnam,9876000634,yatindesai634@syntheticdata.org,659435,Active,2024-09-12 10:49:20
C00635,Madhavi Hans,46,Female,Ludhiana,9876000635,madhavihans635@demo-mail.com,897098,Active,2025-07-16 10:49:20
C00636,Noah Gaba,37,Male,Mumbai,9876000636,noahgaba636@example.com,308926,Active,2025-03-11 10:49:20
C00637,Kabir Grewal,40,Male,Visakhapatnam,9876000637,kabirgrewal637@testmail.com,354782,Active,2025-05-14 10:49:20
C00638,Pahal Merchant,38,Female,Mumbai,9876000638,pahalmerchant638@syntheticdata.org,131547,Active,2025-08-05 10:49:20
C00639,Harita Ravi,48,Female,Chennai,9876000639,haritaravi639@demo-mail.com,2889518,Active,2024-10-01 10:49:20
C00640,Yasti Narang,49,Female,Surat,9876000640,yastinarang640@example.com,694108,Active,2025-05-09 10:49:20
C00641,Sai Chandran,50,Male,Kanpur,9876000641,saichandran641@testmail.com,1092997,Active,2025-03-04 10:49:20
C00642,Ekaraj Sood,55,Male,Nagpur,9876000642,ekarajsood642@syntheticdata.org,595934,Active,2024-12-15 10:49:20
C00643,Yuvraj Ahuja,22,Other,Surat,9876000643,yuvrajahuja643@demo-mail.com,1092061,Active,2025-10-10 10:49:20
C00644,Sanaya Keer,35,Female,Delhi,9876000644,sanayakeer644@example.com,2793206,Active,2025-02-23 10:49:20
C00645,Kiaan Narayan,39,Male,Bhopal,9876000645,kiaannarayan645@testmail.com,2651817,Active,2024-08-17 10:49:20
C00646,Aashi Lal,55,Female,Bengaluru,9876000646,aashilal646@syntheticdata.org,1290664,Active,2025-03-23 10:49:20
C00647,Kamya Bhatia,41,Female,Lucknow,9876000647,kamyabhatia647@demo-mail.com,273573,Active,2025-10-26 10:49:20
C00648,Vidhi Mohanty,50,Female,Visakhapatnam,9876000648,vidhimohanty648@example.com,292665,Active,2024-12-08 10:49:20
C00649,Samaksh Thakkar,43,Male,Ghaziabad,9876000649,samakshthakkar649@testmail.com,1218032,Active,2024-09-05 10:49:20
C00650,Dhriti Merchant,44,Female,Pune,9876000650,dhritimerchant650@syntheticdata.org,589571,Active,2025-05-28 10:49:20
C00651,Janya Kanda,34,Female,Chennai,9876000651,janyakanda651@demo-mail.com,705282,Active,2025-01-21 10:49:20
C00652,William Dua,33,Male,Kolkata,9876000652,williamdua652@example.com,243343,Active,2025-09-02 10:49:20
C00653,Ridhi Sagar,36,Female,Nagpur,9876000653,ridhisagar653@testmail.com,283230,Active,2025-01-13 10:49:20
C00654,Ikbal Kota,18,Male,Surat,9876000654,ikbalkota654@syntheticdata.org,384278,Active,2025-10-21 10:49:20
C00655,Udant Wable,24,Male,Vadodara,9876000655,udantwable655@demo-mail.com,713790,Active,2025-09-03 10:49:20
C00656,Brinda Choudhury,18,Female,Bengaluru,9876000656,brindachoudhury656@example.com,261836,Active,2025-12-24 10:49:20
C00657,Zayyan Jain,55,Male,Hyderabad,9876000657,zayyanjain657@testmail.com,1057541,Active,2025-10-16 10:49:20
C00658,Fitan Narang,48,Male,Ludhiana,9876000658,fitannarang658@syntheticdata.org,604922,Active,2025-12-14 10:49:20
C00659,Devika Jha,47,Female,Lucknow,9876000659,devikajha659@demo-mail.com,2230531,Active,2024-12-30 10:49:20
C00660,Chandani Uppal,32,Female,Thane,9876000660,chandaniuppal660@example.com,931264,Active,2025-02-11 10:49:20
C00661,Baghyawati Setty,19,Female,Nagpur,9876000661,baghyawatisetty661@testmail.com,1022155,Active,2025-07-27 10:49:20
C00662,Yashvi Sagar,18,Female,Nagpur,9876000662,yashvisagar662@syntheticdata.org,2253764,Active,2025-06-25 10:49:20
C00663,Ayush Shere,52,Male,Surat,9876000663,ayushshere663@demo-mail.com,428935,Active,2024-09-24 10:49:20
C00664,Advay Randhawa,42,Male,Nagpur,9876000664,advayrandhawa664@example.com,392887,Active,2025-07-03 10:49:20
C00665,Aarav Kamdar,45,Male,Nagpur,9876000665,aaravkamdar665@testmail.com,719134,Active,2024-10-06 10:49:20
C00666,Arin Sampath,39,Male,Jaipur,9876000666,arinsampath666@syntheticdata.org,1334331,Active,2025-09-06 10:49:20
C00667,Azad Bhasin,26,Male,Ahmedabad,9876000667,azadbhasin667@demo-mail.com,2177395,Active,2025-03-21 10:49:20
C00668,Warinder Balay,32,Male,Vadodara,9876000668,warinderbalay668@example.com,217575,Active,2024-10-04 10:49:20
C00669,Samarth Gole,24,Male,Kanpur,9876000669,samarthgole669@testmail.com,425150,Active,2025-06-14 10:49:20
C00670,Ucchal Prasad,22,Female,Lucknow,9876000670,ucchalprasad670@syntheticdata.org,646539,Active,2024-08-19 10:49:20
C00671,Udarsh Purohit,47,Male,Nagpur,9876000671,udarshpurohit671@demo-mail.com,743883,Active,2025-08-19 10:49:20
C00672,Chaitaly Zacharia,18,Female,Surat,9876000672,chaitalyzacharia672@example.com,223597,Active,2024-11-07 10:49:20
C00673,Priya Dani,24,Female,Chennai,9876000673,priyadani673@testmail.com,1689839,Active,2025-01-14 10:49:20
C00674,Ronith Wadhwa,33,Male,Ahmedabad,9876000674,ronithwadhwa674@syntheticdata.org,2489789,Active,2025-03-23 10:49:20
C00675,Isaac Aggarwal,37,Male,Jaipur,9876000675,isaacaggarwal675@demo-mail.com,1138142,Active,2024-09-21 10:49:20
C00676,Manthan Sheth,19,Male,Surat,9876000676,manthansheth676@example.com,160613,Active,2025-04-23 10:49:20
C00677,Zinal Raghavan,18,Female,Kolkata,9876000677,zinalraghavan677@testmail.com,1366634,Active,2024-10-21 10:49:20
C00678,Jatin Sharma,41,Male,Nagpur,9876000678,jatinsharma678@syntheticdata.org,935191,Active,2025-06-26 10:49:20
C00679,Faras Majumdar,38,Male,Lucknow,9876000679,farasmajumdar679@demo-mail.com,539071,Active,2025-03-21 10:49:20
C00680,Dayita Balay,52,Female,Ludhiana,9876000680,dayitabalay680@example.com,2413042,Active,2025-01-24 10:49:20
C00681,Adweta Khosla,37,Female,Kolkata,9876000681,adwetakhosla681@testmail.com,1237270,Active,2024-11-11 10:49:20
C00682,Bhavna Chaudhuri,42,Female,Lucknow,9876000682,bhavnachaudhuri682@syntheticdata.org,1295786,Active,2025-08-03 10:49:20
C00683,Vansha Bava,27,Female,Ghaziabad,9876000683,vanshabava683@demo-mail.com,686040,Active,2025-01-26 10:49:20
C00684,Anthony Ratti,28,Male,Nagpur,9876000684,anthonyratti684@example.com,869926,Active,2025-12-03 10:49:20
C00685,Kamala Zacharia,21,Female,Ghaziabad,9876000685,kamalazacharia685@testmail.com,414297,Active,2024-11-13 10:49:20
C00686,Baghyawati Dey,27,Female,Vadodara,9876000686,baghyawatidey686@syntheticdata.org,2716183,Active,2025-08-20 10:49:20
C00687,Jackson Nagar,46,Male,Kolkata,9876000687,jacksonnagar687@demo-mail.com,881364,Active,2025-01-09 10:49:20
C00688,Kashish Mittal,27,Female,Bengaluru,9876000688,kashishmittal688@example.com,693123,Active,2025-09-24 10:49:20
C00689,Yoshita Kant,39,Female,Bhopal,9876000689,yoshitakant689@testmail.com,2122828,Active,2025-01-15 10:49:20
C00690,Mason Maharaj,21,Male,Ahmedabad,9876000690,masonmaharaj690@syntheticdata.org,400012,Active,2025-09-21 10:49:20
C00691,Gagan Sane,39,Male,Thane,9876000691,gagansane691@demo-mail.com,516359,Active,2025-04-15 10:49:20
C00692,Arunima Padmanabhan,41,Female,Vadodara,9876000692,arunimapadmanabhan692@example.com,156372,Active,2025-11-27 10:49:20
C00693,Zaitra Nagar,36,Female,Indore,9876000693,zaitranagar693@testmail.com,350696,Active,2025-09-21 10:49:20
C00694,Tara Dixit,34,Female,Vadodara,9876000694,taradixit694@syntheticdata.org,327745,Active,2025-11-24 10:49:20
C00695,Raghav Gour,29,Male,Surat,9876000695,raghavgour695@demo-mail.com,345901,Active,2025-02-10 10:49:20
C00696,Jai Kar,19,Male,Ludhiana,9876000696,jaikar696@example.com,2194827,Active,2025-07-09 10:49:20
C00697,Eshana Sheth,26,Female,Nagpur,9876000697,eshanasheth697@testmail.com,1886349,Active,2025-01-29 10:49:20
C00698,Triveni Saha,56,Female,Indore,9876000698,trivenisaha698@syntheticdata.org,2507898,Active,2024-10-02 10:49:20
C00699,Rishi Kibe,29,Male,Visakhapatnam,9876000699,rishikibe699@demo-mail.com,496677,Active,2025-05-25 10:49:20
C00700,Ishani Narayanan,42,Female,Ghaziabad,9876000700,ishaninarayanan700@example.com,746745,Active,2025-02-20 10:49:20
C00701,Umang Prabhakar,55,Male,Ghaziabad,9876000701,umangprabhakar701@testmail.com,150179,Active,2024-10-29 10:49:20
C00702,Girish Behl,29,Male,Mumbai,9876000702,girishbehl702@syntheticdata.org,703991,Active,2025-01-11 10:49:20
C00703,Ranbir Baral,23,Male,Bengaluru,9876000703,ranbirbaral703@demo-mail.com,1967994,Active,2025-12-07 10:49:20
C00704,Ijaya Kalla,36,Female,Kanpur,9876000704,ijayakalla704@example.com,560851,Active,2025-04-03 10:49:20
C00705,Ishita Natarajan,26,Female,Visakhapatnam,9876000705,ishitanatarajan705@testmail.com,1220321,Active,2025-04-13 10:49:20
C00706,Abhimanyu Kakar,38,Male,Thane,9876000706,abhimanyukakar706@syntheticdata.org,1292071,Active,2025-01-13 10:49:20
C00707,Daniel Srinivas,18,Male,Hyderabad,9876000707,danielsrinivas707@demo-mail.com,2441404,Active,2025-02-04 10:49:20
C00708,Ishani Ranganathan,18,Female,Chennai,9876000708,ishaniranganathan708@example.com,828908,Active,2025-08-27 10:49:20
C00709,Naveen Mandal,50,Male,Chennai,9876000709,naveenmandal709@testmail.com,497773,Active,2025-01-29 10:49:20
C00710,Vidhi Walla,21,Female,Thane,9876000710,vidhiwalla710@syntheticdata.org,1095655,Active,2025-03-08 10:49:20
C00711,Nikita Lal,56,Female,Chennai,9876000711,nikitalal711@demo-mail.com,296778,Active,2025-03-22 10:49:20
C00712,Yuvraj Shukla,41,Male,Ludhiana,9876000712,yuvrajshukla712@example.com,383078,Active,2025-03-31 10:49:20
C00713,Vrinda Nagarajan,42,Female,Nagpur,9876000713,vrindanagarajan713@testmail.com,1680485,Active,2024-11-30 10:49:20
C00714,Qasim Munshi,36,Male,Bengaluru,9876000714,qasimmunshi714@syntheticdata.org,382202,Active,2025-09-26 10:49:20
C00715,Aradhana Kant,38,Female,Chennai,9876000715,aradhanakant715@demo-mail.com,587009,Active,2024-11-21 10:49:20
C00716,Abhiram Lal,19,Male,Pune,9876000716,abhiramlal716@example.com,291141,Active,2025-04-20 10:49:20
C00717,Neelima Dua,27,Female,Lucknow,9876000717,neelimadua717@testmail.com,372666,Active,2025-06-21 10:49:20
C00718,Nitesh Karpe,50,Male,Hyderabad,9876000718,niteshkarpe718@syntheticdata.org,1215905,Active,2025-10-19 10:49:20
C00719,Jason Tata,22,Male,Chennai,9876000719,jasontata719@demo-mail.com,895866,Active,2025-08-09 10:49:20
C00720,Lavanya Suresh,32,Female,Ludhiana,9876000720,lavanyasuresh720@example.com,472260,Active,2025-07-23 10:49:20
C00721,Victor Ganguly,50,Male,Hyderabad,9876000721,victorganguly721@testmail.com,968862,Active,2024-10-11 10:49:20
C00722,Frado Dey,37,Male,Ahmedabad,9876000722,fradodey722@syntheticdata.org,356963,Active,2025-03-15 10:49:20
C00723,Hiral Bhargava,38,Female,Ghaziabad,9876000723,hiralbhargava723@demo-mail.com,614942,Active,2024-11-16 10:49:20
C00724,Baljiwan Bava,32,Male,Vadodara,9876000724,baljiwanbava724@example.com,433906,Active,2025-07-09 10:49:20
C00725,Triveni Devan,44,Female,Chennai,9876000725,trivenidevan725@testmail.com,133741,Active,2025-04-20 10:49:20
C00726,Bahadurjit Dora,47,Male,Chennai,9876000726,bahadurjitdora726@syntheticdata.org,772816,Active,2025-03-31 10:49:20
C00727,Janani Tiwari,26,Female,Kanpur,9876000727,jananitiwari727@demo-mail.com,273601,Active,2025-04-18 10:49:20
C00728,Rachit Bhasin,18,Male,Nagpur,9876000728,rachitbhasin728@example.com,904305,Active,2025-04-28 10:49:20
C00729,Widisha Babu,22,Female,Indore,9876000729,widishababu729@testmail.com,348226,Active,2025-03-13 10:49:20
C00730,Zinal Sabharwal,18,Female,Thane,9876000730,zinalsabharwal730@syntheticdata.org,964111,Active,2024-09-24 10:49:20
C00731,Adweta Wagle,35,Female,Surat,9876000731,adwetawagle731@demo-mail.com,1392942,Active,2024-12-31 10:49:20
C00732,Luke Badal,46,Male,Jaipur,9876000732,lukebadal732@example.com,1266282,Active,2025-04-04 10:49:20
C00733,Hemal Chhabra,36,Female,Bhopal,9876000733,hemalchhabra733@testmail.com,264637,Active,2024-10-09 10:49:20
C00734,Zaitra Dixit,34,Female,Pune,9876000734,zaitradixit734@syntheticdata.org,832886,Active,2025-10-08 10:49:20
C00735,Rehaan Vyas,39,Other,Vadodara,9876000735,rehaanvyas735@demo-mail.com,784517,Active,2024-09-03 10:49:20
C00736,Raagini Loke,39,Female,Thane,9876000736,raaginiloke736@example.com,235778,Active,2025-03-18 10:49:20
C00737,Balveer Prakash,33,Male,Surat,9876000737,balveerprakash737@testmail.com,656172,Active,2024-08-29 10:49:20
C00738,Victor Kohli,26,Male,Kanpur,9876000738,victorkohli738@syntheticdata.org,732223,Active,2024-09-26 10:49:20
C00739,Mason Buch,36,Male,Hyderabad,9876000739,masonbuch739@demo-mail.com,702535,Active,2024-12-12 10:49:20
C00740,Chakradhar Ravi,35,Male,Ghaziabad,9876000740,chakradharravi740@example.com,432543,Active,2025-10-27 10:49:20
C00741,Saanvi Soni,35,Female,Indore,9876000741,saanvisoni741@testmail.com,1045628,Active,2024-10-23 10:49:20
C00742,Aarna Garg,45,Female,Kolkata,9876000742,aarnagarg742@syntheticdata.org,770645,Active,2025-05-31 10:49:20
C00743,Zaid Saraf,36,Male,Pune,9876000743,zaidsaraf743@demo-mail.com,271492,Active,2024-11-07 10:49:20
C00744,Champak Wable,20,Male,Jaipur,9876000744,champakwable744@example.com,631737,Active,2024-12-27 10:49:20
C00745,Jyoti Kakar,28,Female,Visakhapatnam,9876000745,jyotikakar745@testmail.com,575616,Active,2025-07-26 10:49:20
C00746,Lopa Batra,36,Female,Ahmedabad,9876000746,lopabatra746@syntheticdata.org,917151,Active,2025-09-19 10:49:20
C00747,Logan Bali,35,Male,Delhi,9876000747,loganbali747@demo-mail.com,891761,Active,2025-10-30 10:49:20
C00748,Nisha Babu,36,Female,Ahmedabad,9876000748,nishababu748@example.com,895561,Active,2025-08-12 10:49:20
C00749,Ekbal Rao,18,Male,Surat,9876000749,ekbalrao749@testmail.com,408116,Active,2025-07-25 10:49:20
C00750,Mason Gaba,21,Male,Ahmedabad,9876000750,masongaba750@syntheticdata.org,355443,Active,2024-12-28 10:49:20
