customer_id,age,annual_income,purchase_count,total_spending,average_order_value,purchase_frequency,unique_products_purchased,average_quantity
C00001,41,398157.7,6,64400.0,10733.33,0.71,8,2.44
C00002,34,347490.22,6,102438.0,17073.0,0.78,8,3.92
C00003,33,552275.25,14,469094.0,33506.71,1.3,12,2.62
C00004,33,449146.94,2,10700.0,5350.0,0.56,2,4.0
C00005,54,518526.04,7,298950.0,42707.14,1.2,8,2.64
C00006,45,883450.42,23,392043.0,17045.35,2.16,15,2.49
C00007,30,663642.47,10,321450.0,32145.0,0.94,10,2.62
C00008,42,1693447.22,22,1251400.0,56881.82,2.1,11,1.97
C00009,38,284139.11,5,156800.0,31360.0,2.17,7,2.27
C00010,18,230667.07,6,65100.0,10850.0,1.29,9,3.0
C00011,23,231014.97,6,119700.0,19950.0,1.03,8,3.0
C00012,39,259217.5,5,107895.0,21579.0,1.29,9,2.75
C00013,53,459820.58,26,382784.0,14722.46,2.24,15,2.98
C00014,33,962810.99,6,88150.0,14691.67,0.56,7,3.18
C00015,29,1046790.37,7,191200.0,27314.29,0.72,8,2.0
C00016,37,184799.17,6,161000.0,26833.33,0.57,8,1.92
C00017,28,380008.55,5,119800.0,23960.0,1.18,6,3.83
C00018,32,896137.24,7,282200.0,40314.29,0.8,8,3.31
C00019,35,530949.67,12,347150.0,28929.17,1.05,12,2.43
C00020,23,1318388.36,9,164850.0,18316.67,1.15,9,1.85
C00021,45,780539.97,13,351999.0,27076.85,1.68,12,2.58
C00022,21,636037.41,19,273498.0,14394.63,1.97,17,2.9
C00023,20,1372626.16,14,529850.0,37846.43,1.67,12,2.65
C00024,38,1197619.54,10,440300.0,44030.0,1.62,10,2.2
C00025,44,579643.25,11,266097.0,24190.64,1.04,10,3.06
C00026,38,676384.58,10,501698.0,50169.8,1.17,14,2.24
C00027,34,267697.37,5,49600.0,9920.0,0.55,6,2.5
C00028,32,744214.13,8,260150.0,32518.75,0.92,8,3.75
C00029,30,226755.11,7,62700.0,8957.14,0.99,8,2.78
C00030,48,326224.51,6,64750.0,10791.67,0.83,6,2.44
C00031,39,148329.24,5,96550.0,19310.0,0.81,9,3.46
C00032,31,892787.82,27,569846.0,21105.41,2.64,17,2.58
C00033,27,504969.91,6,187850.0,31308.33,1.01,6,2.8
C00034,43,948946.27,1,499.0,499.0,1.0,1,1.0
C00035,46,750953.94,17,328950.0,19350.0,1.54,15,2.97
C00036,25,447979.3,6,223500.0,37250.0,0.61,7,2.83
C00037,32,356853.29,2,82000.0,41000.0,0.39,3,2.0
C00038,30,238173.28,2,54450.0,27225.0,0.32,4,2.0
C00039,33,528850.83,18,322945.0,17941.39,1.89,13,3.23
C00040,45,2819540.39,17,1497400.0,88082.35,1.95,10,2.03
C00041,52,2155543.88,17,1759600.0,103505.88,1.65,9,1.83
C00042,40,768431.78,16,215048.0,13440.5,1.54,15,3.27
C00043,28,1005149.48,12,555450.0,46287.5,1.12,10,2.16
C00044,35,1797210.0,2,10800.0,5400.0,0.53,3,2.75
C00045,18,129659.27,3,55550.0,18516.67,5.29,4,2.8
C00046,45,597102.28,10,300400.0,30040.0,2.05,12,2.55
C00047,37,782920.38,8,256747.0,32093.38,0.91,10,2.25
C00048,32,957713.62,10,198698.0,19869.8,1.07,12,2.53
C00049,33,869344.63,7,264099.0,37728.43,0.86,13,2.16
C00050,40,2608881.82,20,2094350.0,104717.5,2.6,9,1.74
C00051,26,1336727.89,11,284949.0,25904.45,1.15,13,2.35
C00052,29,427085.74,5,213700.0,42740.0,0.59,6,2.0
C00053,46,1223304.87,7,368648.0,52664.0,0.9,11,2.29
C00054,39,667913.05,11,743446.0,67586.0,1.05,14,2.82
C00055,37,426827.26,3,20850.0,6950.0,0.41,4,2.75
C00056,47,460514.69,2,5300.0,2650.0,0.22,2,2.5
C00057,27,705141.65,12,521100.0,43425.0,1.02,11,2.7
C00058,32,884397.01,10,181696.0,18169.6,1.08,11,2.26
C00059,39,506256.92,9,588300.0,65366.67,0.97,10,2.16
C00060,39,2217195.68,16,1164150.0,72759.38,1.33,11,2.08
C00061,19,494502.84,1,3600.0,3600.0,1.0,1,3.0
C00062,31,1348618.73,7,288800.0,41257.14,0.7,12,2.36
C00063,26,790882.64,6,356800.0,59466.67,0.55,11,2.73
C00064,58,728106.95,2,14450.0,7225.0,30.0,2,4.5
C00065,39,485729.97,6,54950.0,9158.33,0.92,8,2.78
C00066,35,215677.27,2,87350.0,43675.0,0.3,5,1.6
C00067,18,756356.44,8,257550.0,32193.75,0.79,8,2.76
C00068,35,1459019.12,19,1221750.0,64302.63,1.71,9,1.74
C00069,36,546330.88,9,284700.0,31633.33,1.52,11,1.86
C00070,65,1845834.34,18,1438450.0,79913.89,1.51,12,1.94
C00071,33,1631831.8,20,1970150.0,98507.5,1.94,13,2.06
C00072,39,940507.48,14,598450.0,42746.43,2.49,14,2.48
C00073,49,210302.27,2,39000.0,19500.0,0.43,3,3.67
C00074,45,396722.21,2,58398.0,29199.0,0.94,4,3.0
C00075,52,1070176.74,11,592150.0,53831.82,1.02,14,2.11
C00076,19,982197.22,7,611400.0,87342.86,0.79,10,1.93
C00077,24,536697.63,12,812300.0,67691.67,1.15,10,2.46
C00078,29,1031803.65,8,365350.0,45668.75,0.79,9,2.54
C00079,18,365165.66,6,124995.0,20832.5,1.45,11,2.85
C00080,36,445901.54,17,297195.0,17482.06,2.0,15,2.83
C00081,24,1343056.99,9,222348.0,24705.33,1.27,10,2.19
C00082,54,172257.96,6,92300.0,15383.33,0.71,7,3.0
C00083,26,471383.57,2,31850.0,15925.0,0.59,3,1.67
C00084,32,515474.63,1,64000.0,64000.0,1.0,1,2.0
C00085,42,370793.94,2,14050.0,7025.0,0.38,3,4.33
C00086,38,976685.52,11,348248.0,31658.91,1.13,12,2.39
C00087,51,211903.87,5,35600.0,7120.0,1.01,5,3.17
C00088,39,1942447.67,14,1170700.0,83621.43,1.34,8,1.73
C00089,45,1958735.32,11,659550.0,59959.09,1.42,6,1.56
C00090,42,1298377.78,12,386796.0,32233.0,1.07,12,2.62
C00091,39,416352.71,3,28650.0,9550.0,0.44,5,2.8
C00092,27,181418.91,4,31150.0,7787.5,0.9,4,2.17
C00093,38,2837686.7,10,556595.0,55659.5,0.96,13,2.05
C00094,39,352783.87,25,609189.0,24367.56,2.48,17,3.21
C00095,27,438444.43,26,470096.0,18080.62,2.49,17,2.75
C00096,58,1086765.13,6,349150.0,58191.67,1.32,12,3.0
C00097,41,1047747.66,2,102400.0,51200.0,1.07,3,2.33
C00098,24,480487.0,24,330935.0,13788.96,3.5,14,3.48
C00099,49,707298.09,22,403645.0,18347.5,2.06,14,2.66
C00100,26,817072.88,28,550592.0,19664.0,2.5,15,2.64
C00101,45,584307.29,10,220250.0,22025.0,1.19,9,2.82
C00102,58,552243.69,27,383999.0,14222.19,2.88,13,2.98
C00103,25,885155.81,28,464239.0,16579.96,2.6,18,2.88
C00104,26,853787.95,8,368900.0,46112.5,0.72,9,1.64
C00105,39,1215330.17,12,198095.0,16507.92,1.05,13,2.38
C00106,45,952373.38,14,1095500.0,78250.0,1.28,10,2.13
C00107,32,675718.69,9,291995.0,32443.89,1.13,9,3.14
C00108,68,1150206.9,7,310750.0,44392.86,1.26,10,2.07
C00109,23,2904733.73,10,851200.0,85120.0,1.01,9,2.12
C00110,41,1358535.72,8,203650.0,25456.25,0.81,11,3.35
C00111,33,513910.95,7,243946.0,34849.43,0.97,11,2.44
C00112,44,472761.05,7,167500.0,23928.57,0.82,11,3.14
C00113,41,1367257.98,12,253900.0,21158.33,1.38,10,2.37
C00114,35,444143.59,5,60300.0,12060.0,0.58,7,3.11
C00115,25,443431.94,6,100748.0,16791.33,0.62,7,2.56
C00116,18,240430.36,5,93247.0,18649.4,0.85,10,3.38
C00117,38,475738.81,3,43000.0,14333.33,0.39,3,2.0
C00118,21,384491.32,3,25000.0,8333.33,1.08,2,4.0
C00119,25,1053506.5,10,380647.0,38064.7,1.05,12,2.47
C00120,37,496220.46,2,11900.0,5950.0,0.26,4,1.75
C00121,36,453401.77,3,24200.0,8066.67,0.39,4,2.33
C00122,22,401492.07,7,98700.0,14100.0,0.88,6,2.89
C00123,48,823542.04,10,277797.0,27779.7,1.61,10,2.56
C00124,48,231564.9,2,19150.0,9575.0,1.71,4,2.0
C00125,42,2787315.71,20,1220996.0,61049.8,1.86,12,1.86
C00126,42,852282.3,20,314250.0,15712.5,2.02,15,2.53
C00127,42,1218465.66,9,290650.0,32294.44,0.89,11,2.53
C00128,70,1084967.54,9,260400.0,28933.33,0.97,10,2.38
C00129,47,839502.94,28,339046.0,12108.79,2.46,17,2.7
C00130,43,804195.64,12,235299.0,19608.25,1.09,14,2.29
C00131,26,1020452.13,10,349500.0,34950.0,1.1,11,2.6
C00132,33,633467.61,1,11450.0,11450.0,1.0,2,6.5
C00133,29,326204.96,3,43950.0,14650.0,0.36,3,3.0
C00134,44,366775.14,24,315000.0,13125.0,2.08,12,3.18
C00135,18,134192.31,6,113450.0,18908.33,0.74,9,3.5
C00136,30,419883.28,17,210448.0,12379.29,1.62,15,3.32
C00137,49,970018.93,9,680850.0,75650.0,0.82,13,2.17
C00138,27,356698.38,7,261741.0,37391.57,0.91,9,3.2
C00139,44,396941.11,27,534039.0,19779.22,2.25,17,2.81
C00140,36,986571.61,7,333050.0,47578.57,0.9,7,2.0
C00141,28,1073686.91,6,461350.0,76891.67,1.18,8,2.18
C00142,18,2672297.91,15,2089800.0,139320.0,1.99,8,1.69
C00143,38,486894.85,3,85750.0,28583.33,0.33,7,3.86
C00144,18,570610.74,8,270000.0,33750.0,1.51,12,2.53
C00145,42,574924.12,23,371690.0,16160.43,2.47,18,3.09
C00146,46,185851.84,7,144399.0,20628.43,0.66,8,2.0
C00147,30,652074.67,23,518695.0,22551.96,2.15,17,3.38
C00148,28,1143136.33,11,572098.0,52008.91,1.25,11,2.71
C00149,20,482848.81,7,142747.0,20392.43,0.73,9,2.86
C00150,47,830655.32,2,162900.0,81450.0,0.23,5,1.67
C00151,55,352453.88,6,191550.0,31925.0,0.85,8,2.27
C00152,18,1969556.29,23,1701350.0,73971.74,2.12,11,1.71
C00153,30,1182061.5,7,110350.0,15764.29,0.61,7,2.33
C00154,41,610795.61,16,434000.0,27125.0,1.67,14,2.93
C00155,45,588050.74,7,189500.0,27071.43,0.8,6,2.38
C00156,18,1677122.99,9,1209247.0,134360.78,1.22,7,2.0
C00157,23,588618.41,20,393400.0,19670.0,1.76,14,2.71
C00158,55,256564.6,2,10300.0,5150.0,0.21,2,2.0
C00159,30,837151.35,6,80850.0,13475.0,0.71,9,2.5
C00160,37,357826.77,2,56750.0,28375.0,0.46,7,3.38
C00161,49,712281.5,23,442041.0,19219.17,2.18,16,3.21
C00162,36,439613.93,25,372246.0,14889.84,2.15,16,2.94
C00163,38,130074.3,5,64700.0,12940.0,1.27,6,2.86
C00164,28,1027198.02,12,276095.0,23007.92,1.53,13,2.64
C00165,37,267504.57,6,47500.0,7916.67,0.77,5,3.33
C00166,43,703808.52,28,470343.0,16797.96,2.52,16,3.62
C00167,61,867805.64,23,474447.0,20628.13,1.98,16,3.14
C00168,18,2017764.22,10,906150.0,90615.0,0.96,11,1.73
C00169,39,389153.76,27,421297.0,15603.59,2.43,15,2.6
C00170,28,241210.74,7,82699.0,11814.14,1.33,10,3.43
C00171,28,606348.34,8,148250.0,18531.25,1.03,9,2.79
C00172,46,384760.12,5,158595.0,31719.0,1.76,9,3.25
C00173,46,1161563.94,7,100050.0,14292.86,0.85,9,2.5
C00174,39,1223132.84,10,141700.0,14170.0,0.96,9,2.27
C00175,26,1175553.28,7,242700.0,34671.43,1.14,7,2.8
C00176,29,426597.2,7,91600.0,13085.71,0.8,6,4.0
C00177,35,834816.28,9,313546.0,34838.44,1.02,11,2.53
C00178,37,1198771.66,8,342000.0,42750.0,0.8,9,2.27
C00179,42,446196.85,7,31243.0,4463.29,0.8,5,2.22
C00180,33,1783496.81,3,214350.0,71450.0,0.33,6,2.83
C00181,30,1179088.59,12,932700.0,77725.0,1.52,9,2.46
C00182,51,241618.85,7,103848.0,14835.43,1.19,10,2.92
C00183,36,2832837.17,20,1648700.0,82435.0,1.82,11,2.1
C00184,39,1355546.43,7,277200.0,39600.0,0.72,9,2.47
C00185,34,337906.4,5,106348.0,21269.6,0.58,8,2.11
C00186,26,763889.69,12,457500.0,38125.0,1.12,12,3.05
C00187,61,795798.09,9,269950.0,29994.44,1.19,11,2.53
C00188,49,2666526.47,9,614700.0,68300.0,0.96,7,1.71
C00189,45,1210656.33,9,234895.0,26099.44,0.88,11,2.67
C00190,35,362765.65,1,11550.0,11550.0,1.0,2,2.5
C00191,36,592841.78,23,408343.0,17754.04,2.14,15,2.95
C00192,27,1298933.76,7,25250.0,3607.14,0.7,6,2.5
C00193,26,1628786.69,18,1610750.0,89486.11,1.69,10,1.77
C00194,32,409374.04,7,199600.0,28514.29,0.9,9,2.82
C00195,26,151960.59,7,52946.0,7563.71,0.95,9,3.09
C00196,38,1130872.22,6,364050.0,60675.0,0.64,5,2.62
C00197,30,1535740.34,14,1413748.0,100982.0,1.6,10,1.85
C00198,38,494923.04,3,34400.0,11466.67,0.44,4,4.0
C00199,18,797039.76,17,239746.0,14102.71,2.13,14,2.84
C00200,19,2915597.72,9,598350.0,66483.33,1.1,8,1.6
C00201,27,777430.8,28,319650.0,11416.07,2.81,14,2.66
C00202,33,1002563.82,8,386850.0,48356.25,0.86,10,2.46
C00203,46,585819.85,1,1700.0,1700.0,1.0,1,2.0
C00204,35,124314.39,3,53950.0,17983.33,1.02,7,3.71
C00205,23,298091.04,6,160147.0,26691.17,0.7,9,2.83
C00206,39,1171440.39,11,459200.0,41745.45,1.42,10,2.44
C00207,26,1025031.89,10,369196.0,36919.6,1.09,11,2.29
C00208,34,1857139.34,11,1224800.0,111345.45,1.04,9,1.95
C00209,40,2789758.61,15,1142000.0,76133.33,1.76,11,2.0
C00210,38,148042.69,3,57700.0,19233.33,1.32,6,2.86
C00211,36,330464.63,5,89150.0,17830.0,0.61,6,3.14
C00212,36,696169.25,28,530993.0,18964.04,2.46,16,2.86
C00213,41,384384.5,2,22200.0,11100.0,0.36,3,4.0
C00214,61,1025882.88,6,184550.0,30758.33,0.63,6,2.22
C00215,26,604781.12,3,44650.0,14883.33,0.72,5,3.8
C00216,47,2392212.16,23,1875696.0,81552.0,2.4,13,1.79
C00217,25,296205.39,6,282650.0,47108.33,0.51,9,3.07
C00218,28,254273.85,5,45649.0,9129.8,1.27,6,2.86
C00219,26,490270.03,7,130600.0,18657.14,0.77,7,3.54
C00220,37,494760.08,2,105400.0,52700.0,0.87,5,2.4
C00221,40,2200595.77,3,91600.0,30533.33,0.67,4,2.43
C00222,47,446743.67,1,7600.0,7600.0,1.0,2,5.0
C00223,25,1319834.47,14,441300.0,31521.43,1.91,11,2.81
C00224,41,1240283.52,14,490900.0,35064.29,1.63,13,1.88
C00225,20,863000.67,25,419094.0,16763.76,2.3,16,2.76
C00226,57,1279457.5,11,286898.0,26081.64,0.95,12,2.95
C00227,50,893001.87,16,274547.0,17159.19,1.58,13,2.77
C00228,30,635375.2,14,148096.0,10578.29,1.48,9,2.82
C00229,18,488567.47,7,89900.0,12842.86,0.89,8,2.07
C00230,52,1257907.03,8,374050.0,46756.25,1.55,9,2.0
C00231,34,873337.55,11,171800.0,15618.18,0.93,11,3.38
C00232,50,605687.23,2,27147.0,13573.5,0.34,4,5.0
C00233,35,1278250.14,10,207699.0,20769.9,1.02,10,2.31
C00234,36,1192088.67,8,391300.0,48912.5,2.82,8,2.18
C00235,36,530333.98,1,65000.0,65000.0,1.0,1,1.0
C00236,18,267037.42,2,11400.0,5700.0,2.07,2,2.33
C00237,42,1104530.62,6,117398.0,19566.33,1.06,6,3.25
C00238,18,602201.83,6,58046.0,9674.33,1.11,8,3.08
C00239,51,375197.81,2,7645.0,3822.5,0.81,3,4.0
C00240,54,968147.15,9,399500.0,44388.89,1.02,7,1.94
C00241,37,725930.84,1,143500.0,143500.0,1.0,2,2.5
C00242,49,1004844.17,14,429550.0,30682.14,1.35,14,3.12
C00243,33,1222304.73,3,41750.0,13916.67,0.63,5,3.67
C00244,43,387550.31,6,66150.0,11025.0,0.79,7,2.4
C00245,52,691667.75,8,458750.0,57343.75,1.4,9,2.43
C00246,48,207222.21,2,4950.0,2475.0,0.85,2,1.5
C00247,21,847287.28,16,219346.0,13709.12,1.78,15,3.07
C00248,18,252337.08,7,59347.0,8478.14,1.03,11,3.07
C00249,54,856888.5,12,442300.0,36858.33,1.12,12,2.86
C00250,36,1059878.03,9,167747.0,18638.56,0.91,11,2.44
C00251,18,2134617.21,15,1549900.0,103326.67,1.87,8,1.81
C00252,35,1382029.32,9,75450.0,8383.33,0.81,7,3.0
C00253,18,1070060.77,12,431850.0,35987.5,1.94,9,2.26
C00254,34,211255.34,5,100500.0,20100.0,0.53,6,2.0
C00255,40,450034.05,20,413545.0,20677.25,2.16,16,2.7
C00256,24,251353.57,2,65950.0,32975.0,1.82,4,3.25
C00257,35,2468092.38,19,1484300.0,78121.05,1.76,10,1.82
C00258,47,486203.91,3,11400.0,3800.0,0.31,3,5.0
C00259,30,372477.74,17,238098.0,14005.76,1.53,14,3.0
C00260,29,659309.44,6,474045.0,79007.5,1.61,8,2.82
C00261,26,579832.28,8,397500.0,49687.5,0.85,7,2.0
C00262,34,685700.35,9,874400.0,97155.56,1.53,10,1.8
C00263,23,258422.55,7,39200.0,5600.0,0.75,7,2.0
C00264,59,134938.61,2,6000.0,3000.0,0.21,2,5.0
C00265,36,1219469.36,12,583750.0,48645.83,1.22,13,2.26
C00266,27,451959.88,2,29700.0,14850.0,0.41,2,2.5
C00267,38,856479.82,24,307045.0,12793.54,2.22,14,3.57
C00268,34,1225581.15,10,252800.0,25280.0,0.95,10,2.6
C00269,33,1173433.72,10,270550.0,27055.0,1.73,9,2.07
C00270,29,833424.89,11,452347.0,41122.45,1.45,14,2.32
C00271,29,616487.64,17,318543.0,18737.82,1.54,14,2.81
C00272,18,916281.24,14,539500.0,38535.71,1.65,12,2.12
C00273,52,2595953.5,9,878000.0,97555.56,1.28,9,2.0
C00274,42,2218683.91,15,776600.0,51773.33,1.71,10,1.9
C00275,39,345501.78,2,74500.0,37250.0,5.0,2,3.0
C00276,36,596076.8,22,440189.0,20008.59,1.97,17,3.26
C00277,18,742318.91,10,337850.0,33785.0,0.98,12,3.23
C00278,38,263367.98,7,75099.0,10728.43,1.27,7,4.82
C00279,28,607785.92,9,386300.0,42922.22,1.08,9,2.44
C00280,23,458400.37,6,67197.0,11199.5,0.8,8,2.92
C00281,56,419885.07,5,32146.0,6429.2,0.59,5,3.4
C00282,46,624143.21,26,381790.0,14684.23,2.31,16,2.67
C00283,36,672762.61,24,348795.0,14533.12,2.38,15,3.45
C00284,25,488160.58,2,19600.0,9800.0,0.33,1,3.5
C00285,54,420169.17,28,567796.0,20278.43,2.35,17,2.79
C00286,25,705254.48,25,313689.0,12547.56,2.28,13,3.44
C00287,19,187357.2,2,18900.0,9450.0,0.3,2,3.0
C00288,47,892583.39,19,251000.0,13210.53,2.1,15,3.2
C00289,19,591604.23,6,238300.0,39716.67,0.55,8,3.22
C00290,42,178086.47,6,50100.0,8350.0,1.2,7,4.0
C00291,28,1698507.24,9,667000.0,74111.11,0.79,8,1.87
C00292,30,506802.34,19,458132.0,24112.21,1.74,16,3.2
C00293,36,869357.14,11,680800.0,61890.91,1.02,9,2.22
C00294,26,837680.69,1,22250.0,22250.0,1.0,4,3.75
C00295,34,2784811.4,15,1185200.0,79013.33,1.85,10,1.83
C00296,29,1673420.14,9,637050.0,70783.33,0.8,8,1.71
C00297,45,1101778.9,12,676895.0,56407.92,1.02,11,2.75
C00298,37,1014451.42,10,542900.0,54290.0,1.2,16,2.0
C00299,45,226392.06,2,25896.0,12948.0,0.38,3,2.67
C00300,28,941864.57,2,92150.0,46075.0,60.0,6,3.83
C00301,26,956849.34,9,250750.0,27861.11,1.02,7,2.27
C00302,18,1787855.57,16,664347.0,41521.69,1.72,13,1.71
C00303,39,1861808.89,17,1403095.0,82535.0,1.62,8,1.52
C00304,25,309986.96,1,8800.0,8800.0,1.0,1,4.0
C00305,39,302833.24,3,19650.0,6550.0,0.32,4,3.0
C00306,28,535132.35,28,446981.0,15963.61,2.53,16,2.85
C00307,36,620973.21,10,151645.0,15164.5,1.26,12,3.53
C00308,48,216763.45,3,42950.0,14316.67,0.32,3,2.67
C00309,29,724826.5,16,158094.0,9880.88,1.69,13,3.4
C00310,42,924418.57,9,459300.0,51033.33,0.8,9,2.41
C00311,53,870656.82,13,285950.0,21996.15,1.21,12,3.0
C00312,42,2728991.05,22,2221245.0,100965.68,2.04,12,1.96
C00313,33,486710.23,5,69700.0,13940.0,0.62,8,2.5
C00314,40,2901344.73,17,2327200.0,136894.12,1.57,9,1.97
C00315,28,663109.76,7,135845.0,19406.43,0.7,9,2.67
C00316,37,2319156.98,19,2131550.0,112186.84,1.66,10,1.83
C00317,34,2746926.04,10,575500.0,57550.0,0.98,12,2.47
C00318,40,681464.59,8,223400.0,27925.0,0.95,10,2.36
C00319,31,528456.94,6,40995.0,6832.5,0.74,9,4.3
C00320,32,1233117.25,7,228250.0,32607.14,0.97,9,2.2
C00321,39,822947.44,6,88550.0,14758.33,0.63,7,3.3
C00322,60,453336.21,6,129546.0,21591.0,0.76,9,3.0
C00323,50,895221.42,8,287900.0,35987.5,0.91,8,2.23
C00324,31,263238.88,3,33097.0,11032.33,1.18,4,3.0
C00325,18,761185.16,20,358290.0,17914.5,1.71,13,3.06
C00326,31,311033.75,5,14295.0,2859.0,0.58,4,4.6
C00327,39,845502.1,11,171698.0,15608.91,1.16,11,2.73
C00328,33,326550.09,6,63595.0,10599.17,0.9,10,3.4
C00329,38,605208.24,12,476900.0,39741.67,1.16,11,2.55
C00330,45,2903731.4,15,1679950.0,111996.67,1.54,10,1.97
C00331,18,1622835.32,17,2082300.0,122488.24,1.54,8,1.94
C00332,49,421729.57,5,35546.0,7109.2,0.52,8,3.6
C00333,43,1304503.32,9,234600.0,26066.67,0.96,14,2.76
C00334,63,783728.47,17,271945.0,15996.76,1.8,14,2.94
C00335,30,214425.87,3,38899.0,12966.33,0.88,7,2.57
C00336,25,1169551.66,8,286000.0,35750.0,1.19,10,2.79
C00337,36,1186212.82,7,309100.0,44157.14,0.61,9,2.53
C00338,30,453170.94,3,22750.0,7583.33,0.31,5,2.2
C00339,48,466595.03,1,25000.0,25000.0,1.0,1,2.0
C00340,32,2675672.59,11,805250.0,73204.55,1.36,11,1.89
C00341,24,1639867.88,17,1242500.0,73088.24,1.69,10,1.93
C00342,45,356939.0,5,54895.0,10979.0,1.06,7,4.44
C00343,46,383700.41,5,250550.0,50110.0,0.53,8,1.92
C00344,52,2268359.11,16,1103050.0,68940.62,1.91,10,1.91
C00345,26,663437.95,7,259800.0,37114.29,0.64,11,2.93
C00346,21,849647.81,26,397937.0,15305.27,2.39,18,3.22
C00347,18,915805.22,11,296750.0,26977.27,1.35,11,2.94
C00348,53,1352555.01,9,336500.0,37388.89,0.81,10,2.0
C00349,39,955299.81,14,338342.0,24167.29,1.35,10,2.65
C00350,22,2378326.78,14,1312000.0,93714.29,1.3,10,2.15
C00351,37,1126985.74,14,382949.0,27353.5,1.53,13,1.97
C00352,44,1330249.44,10,353947.0,35394.7,1.12,11,2.2
C00353,26,1018659.52,7,208800.0,29828.57,0.67,9,2.93
C00354,41,1046043.54,7,108649.0,15521.29,1.08,8,3.09
C00355,55,1340930.31,8,505750.0,63218.75,1.23,12,2.69
C00356,29,471716.03,5,49400.0,9880.0,0.69,7,4.44
C00357,24,2975745.92,22,2020897.0,91858.95,2.69,14,1.8
C00358,34,2742236.94,22,1996750.0,90761.36,2.84,8,1.58
C00359,36,344684.67,7,123850.0,17692.86,0.63,8,2.5
C00360,49,859102.43,6,104445.0,17407.5,0.63,9,3.0
C00361,34,1222568.1,9,180493.0,20054.78,1.14,11,3.06
C00362,30,1407411.24,15,1337850.0,89190.0,1.66,10,1.92
C00363,23,324210.33,3,26150.0,8716.67,0.44,4,3.0
C00364,18,469545.13,2,73497.0,36748.5,0.25,5,2.5
C00365,20,2580002.0,22,2183850.0,99265.91,1.86,9,1.78
C00366,20,906996.15,9,138847.0,15427.44,1.44,12,2.69
C00367,32,626771.32,11,264800.0,24072.73,1.2,11,2.89
C00368,18,187027.05,6,86397.0,14399.5,0.81,8,3.45
C00369,18,1323361.31,6,188797.0,31466.17,0.71,11,2.71
C00370,35,549316.64,27,477388.0,17681.04,2.41,17,2.96
C00371,58,124975.89,5,63346.0,12669.2,0.6,7,3.33
C00372,49,1097183.63,10,406300.0,40630.0,1.23,10,2.22
C00373,32,396942.32,18,182750.0,10152.78,1.57,13,2.85
C00374,22,2994998.8,9,906150.0,100683.33,1.06,10,1.58
C00375,66,560368.83,12,511400.0,42616.67,1.25,10,2.68
C00376,36,404984.98,6,43650.0,7275.0,0.82,7,2.62
C00377,38,197953.06,7,77496.0,11070.86,0.7,7,4.3
C00378,34,671618.95,9,97900.0,10877.78,1.7,9,3.6
C00379,35,1008357.02,7,98145.0,14020.71,0.79,11,2.33
C00380,29,559137.78,14,645245.0,46088.93,1.41,13,3.11
C00381,32,1727737.12,1,25000.0,25000.0,1.0,1,2.0
C00382,18,2041220.9,24,2071650.0,86318.75,2.17,11,1.79
C00383,49,332663.33,3,23500.0,7833.33,0.32,4,2.0
C00384,31,510574.11,1,18000.0,18000.0,1.0,1,4.0
C00385,19,364719.83,2,20400.0,10200.0,0.39,2,3.0
C00386,26,2053974.67,9,702350.0,78038.89,0.75,7,2.15
C00387,47,524386.39,9,175688.0,19520.89,0.84,9,2.57
C00388,51,472084.69,18,360144.0,20008.0,1.64,14,2.57
C00389,44,312026.68,2,28898.0,14449.0,1.28,4,2.75
C00390,29,2444393.77,16,838900.0,52431.25,1.55,14,2.07
C00391,41,210509.46,5,71250.0,14250.0,1.67,8,3.12
C00392,33,394461.43,2,10500.0,5250.0,0.31,2,5.0
C00393,31,2769114.35,19,1375100.0,72373.68,1.58,12,1.87
C00394,31,2468936.22,19,1739750.0,91565.79,1.68,12,1.93
C00395,49,684485.87,10,328549.0,32854.9,1.05,10,2.72
C00396,43,531534.01,1,7300.0,7300.0,1.0,2,2.0
C00397,39,280141.33,2,36000.0,18000.0,1.07,2,3.5
C00398,20,2828274.74,10,848100.0,84810.0,1.09,10,2.16
C00399,29,1815077.49,12,965996.0,80499.67,1.11,9,2.05
C00400,48,558830.82,27,578394.0,21422.0,2.64,16,2.63
C00401,18,357176.58,6,50000.0,8333.33,0.74,6,2.5
C00402,43,1461653.99,2,115550.0,57775.0,0.32,4,3.0
C00403,18,892513.88,7,177150.0,25307.14,0.58,9,2.64
C00404,38,610396.56,3,152250.0,50750.0,0.33,4,2.75
C00405,29,842531.32,1,4050.0,4050.0,1.0,1,9.0
C00406,35,459929.85,2,25395.0,12697.5,1.58,4,3.5
C00407,49,789920.39,24,360199.0,15008.29,1.98,16,3.0
C00408,31,222097.4,2,65650.0,32825.0,0.76,5,1.8
C00409,35,325821.0,3,12897.0,4299.0,1.0,4,3.5
C00410,19,1622969.72,19,1937848.0,101992.0,2.04,13,2.0
C00411,44,2735888.38,16,1210900.0,75681.25,1.78,11,2.0
C00412,36,444423.61,28,388888.0,13888.86,3.33,17,3.04
C00413,40,745076.59,12,493300.0,41108.33,1.32,11,2.73
C00414,38,746649.7,14,753250.0,53803.57,1.78,13,2.72
C00415,24,998760.2,6,139945.0,23324.17,0.85,11,2.86
C00416,48,463531.7,23,654046.0,28436.78,2.42,17,2.53
C00417,41,124178.41,6,78550.0,13091.67,1.68,9,3.69
C00418,39,1040465.17,8,181250.0,22656.25,0.71,10,3.0
C00419,47,1098533.01,11,240800.0,21890.91,1.22,9,2.2
C00420,18,317188.73,3,74300.0,24766.67,0.4,6,2.33
C00421,20,542269.37,8,353750.0,44218.75,0.74,12,2.75
C00422,42,574518.8,10,447800.0,44780.0,1.09,12,2.53
C00423,27,349197.8,5,69300.0,13860.0,1.44,6,3.67
C00424,28,759824.36,14,426699.0,30478.5,1.33,14,2.32
C00425,19,255155.63,3,19000.0,6333.33,0.4,4,2.25
C00426,24,335233.76,2,9650.0,4825.0,0.58,3,2.67
C00427,48,2161680.64,20,1310900.0,65545.0,1.73,11,1.9
C00428,41,398377.4,7,288146.0,41163.71,0.91,11,2.46
C00429,38,201677.34,7,167295.0,23899.29,0.7,11,3.07
C00430,29,946729.62,9,329400.0,36600.0,0.77,12,2.61
C00431,37,678263.57,27,496491.0,18388.56,2.55,17,2.4
C00432,49,1570557.21,14,1122200.0,80157.14,1.43,9,2.33
C00433,27,391325.78,24,482000.0,20083.33,2.12,15,2.65
C00434,35,381592.91,6,94950.0,15825.0,0.95,8,3.0
C00435,57,2095723.74,18,1157350.0,64297.22,1.52,13,1.87
C00436,44,789678.73,24,281150.0,11714.58,2.05,14,2.92
C00437,29,1125226.82,6,63350.0,10558.33,1.11,7,2.45
C00438,43,1977558.24,10,668650.0,66865.0,1.15,8,1.71
C00439,18,400370.14,20,275250.0,13762.5,1.85,14,3.24
C00440,35,666619.64,12,615500.0,51291.67,1.55,9,1.78
C00441,43,325922.36,3,36100.0,12033.33,0.6,5,2.5
C00442,40,966666.06,5,224400.0,44880.0,0.58,8,2.8
C00443,42,1312225.51,2,13300.0,6650.0,3.0,2,2.5
C00444,46,214873.84,7,403499.0,57642.71,0.68,9,2.92
C00445,41,305981.49,3,26050.0,8683.33,0.95,4,4.75
C00446,41,188618.63,7,87945.0,12563.57,0.95,10,2.93
C00447,38,1011150.71,6,250150.0,41691.67,1.22,8,2.88
C00448,23,471270.55,6,34650.0,5775.0,0.74,6,2.5
C00449,48,1373952.42,11,123895.0,11263.18,1.11,7,2.15
C00450,35,447576.21,6,101093.0,16848.83,0.73,6,3.1
C00451,44,480309.05,5,39196.0,7839.2,0.45,6,3.29
C00452,46,2726264.76,15,1141250.0,76083.33,1.45,7,1.71
C00453,37,707007.95,11,230045.0,20913.18,1.49,11,3.14
C00454,30,608510.2,13,936650.0,72050.0,1.94,12,2.25
C00455,38,805887.47,10,174400.0,17440.0,0.84,10,2.79
C00456,30,1152290.09,8,110500.0,13812.5,0.8,8,2.75
C00457,33,488406.07,1,27900.0,27900.0,1.0,4,5.0
C00458,53,241125.95,5,139300.0,27860.0,0.79,5,3.33
C00459,38,694240.26,26,473399.0,18207.65,2.34,17,2.88
C00460,39,709663.53,9,408500.0,45388.89,1.11,11,2.5
C00461,46,1439041.25,9,681150.0,75683.33,0.97,9,2.08
C00462,36,866487.23,20,317100.0,15855.0,1.82,13,2.3
C00463,48,423537.63,2,5400.0,2700.0,0.34,2,1.5
C00464,29,931888.06,14,597950.0,42710.71,1.34,14,2.17
C00465,52,695128.0,25,327936.0,13117.44,2.12,15,3.37
C00466,30,581746.35,22,361050.0,16411.36,1.92,15,3.21
C00467,53,1163824.07,9,283250.0,31472.22,0.99,11,1.94
C00468,30,1967395.45,11,745500.0,67772.73,1.26,5,1.69
C00469,32,758515.09,7,91850.0,13121.43,0.89,7,2.88
C00470,23,537883.87,9,183050.0,20338.89,1.15,11,2.35
C00471,26,1428598.3,20,2107900.0,105395.0,1.76,10,1.9
C00472,35,845893.98,9,315100.0,35011.11,1.06,11,2.59
C00473,38,378265.97,5,40945.0,8189.0,0.74,7,3.89
C00474,47,1350258.82,6,182250.0,30375.0,1.54,7,3.18
C00475,33,297612.57,3,97150.0,32383.33,1.08,7,4.14
C00476,22,833420.82,5,360850.0,72170.0,0.46,6,3.09
C00477,37,684255.24,22,347487.0,15794.86,2.44,16,2.88
C00478,41,314821.63,3,86995.0,28998.33,0.33,7,2.71
C00479,28,203784.76,3,63650.0,21216.67,1.36,7,3.14
C00480,29,190846.54,3,57500.0,19166.67,0.28,5,3.0
C00481,28,141980.22,7,153198.0,21885.43,0.77,10,2.54
C00482,50,2950564.21,15,928800.0,61920.0,1.65,10,1.65
C00483,53,448535.25,3,25800.0,8600.0,0.36,5,2.67
C00484,26,798708.22,26,460041.0,17693.88,2.25,17,2.77
C00485,41,701996.51,6,200545.0,33424.17,0.53,9,2.83
C00486,38,1033645.94,11,255198.0,23199.82,1.57,12,2.44
C00487,18,1022077.59,8,176300.0,22037.5,1.8,9,3.09
C00488,28,1299873.27,9,473950.0,52661.11,1.23,10,2.47
C00489,31,483147.57,6,136746.0,22791.0,0.68,6,2.29
C00490,39,368991.95,7,129797.0,18542.43,1.52,10,2.83
C00491,40,2281371.79,14,1085200.0,77514.29,1.36,11,1.77
C00492,33,835419.67,8,331000.0,41375.0,0.7,13,2.21
C00493,26,733778.41,14,375445.0,26817.5,1.54,13,2.77
C00494,35,394575.42,16,252442.0,15777.62,1.39,13,3.2
C00495,57,471100.76,17,228100.0,13417.65,2.13,12,3.41
C00496,29,1266086.22,6,227200.0,37866.67,0.51,10,2.45
C00497,38,945631.87,9,231996.0,25777.33,1.07,10,2.67
C00498,66,2719489.55,19,1552500.0,81710.53,1.64,12,1.59
C00499,29,813028.29,9,241100.0,26788.89,0.82,10,2.33
C00500,44,740325.44,6,188500.0,31416.67,1.14,8,1.91
C00501,58,1290766.99,14,322096.0,23006.86,1.41,11,2.71
C00502,43,2760930.77,9,702250.0,78027.78,1.14,9,2.29
C00503,49,1280564.78,11,314947.0,28631.55,1.36,17,2.73
C00504,45,1127724.32,10,574999.0,57499.9,1.16,13,2.56
C00505,42,378453.49,3,39650.0,13216.67,0.58,6,3.86
C00506,52,180269.94,5,263850.0,52770.0,1.46,7,3.09
C00507,43,1292783.68,8,193397.0,24174.62,0.93,10,2.75
C00508,33,715038.41,3,97095.0,32365.0,0.3,5,2.2
C00509,50,181088.76,2,27150.0,13575.0,0.78,5,2.4
C00510,26,2708747.24,9,619000.0,68777.78,0.91,10,2.18
C00511,36,505747.28,8,196900.0,24612.5,0.73,6,2.09
C00512,51,758334.32,8,300750.0,37593.75,0.74,8,2.36
C00513,38,669918.54,1,19750.0,19750.0,1.0,4,2.5
C00514,19,1070605.13,11,295750.0,26886.36,1.26,9,2.5
C00515,44,325194.44,2,6700.0,3350.0,1.43,2,1.0
C00516,32,1184925.11,11,464850.0,42259.09,0.94,9,2.5
C00517,38,325681.3,6,63400.0,10566.67,0.89,6,2.78
C00518,34,360396.32,7,166850.0,23835.71,0.73,7,3.0
C00519,39,474170.68,2,15300.0,7650.0,0.85,3,3.0
C00520,30,770867.21,11,362950.0,32995.45,1.09,11,3.0
C00521,38,2533075.34,14,1625000.0,116071.43,1.26,6,1.86
C00522,37,412358.8,3,169950.0,56650.0,0.35,6,3.71
C00523,50,541167.83,8,182347.0,22793.38,0.77,12,2.56
C00524,18,1284383.13,8,361047.0,45130.88,0.96,13,2.6
C00525,29,767044.76,28,357391.0,12763.96,2.42,16,3.06
C00526,40,129343.03,6,131600.0,21933.33,1.23,10,2.31
C00527,54,379652.24,6,136800.0,22800.0,0.6,9,3.23
C00528,35,215148.08,3,111800.0,37266.67,0.4,4,3.0
C00529,31,498907.31,3,32849.0,10949.67,0.3,4,2.25
C00530,18,182177.05,7,140500.0,20071.43,0.82,8,3.0
C00531,18,787145.25,28,571141.0,20397.89,2.47,18,2.51
C00532,23,574142.94,11,751500.0,68318.18,0.97,10,2.5
C00533,44,1112449.37,9,223200.0,24800.0,0.75,8,2.19
C00534,20,872974.96,27,664344.0,24605.33,2.38,15,2.92
C00535,46,635952.1,8,273250.0,34156.25,0.81,9,3.31
C00536,43,877754.59,12,257947.0,21495.58,1.15,12,2.25
C00537,34,1074673.35,10,300150.0,30015.0,1.11,10,2.28
C00538,18,493911.51,5,101047.0,20209.4,0.6,7,2.38
C00539,27,868400.61,8,266243.0,33280.38,0.81,12,2.05
C00540,33,691794.23,8,308599.0,38574.88,0.81,11,2.4
C00541,40,528020.67,6,565100.0,94183.33,0.8,11,2.69
C00542,20,2782973.2,22,2508350.0,114015.91,1.87,9,1.58
C00543,53,925888.92,12,585047.0,48753.92,1.51,11,2.0
C00544,40,1193829.66,6,158149.0,26358.17,0.58,6,1.57
C00545,41,1260304.91,8,127499.0,15937.38,0.95,9,2.33
C00546,43,169873.05,7,103799.0,14828.43,0.68,9,2.43
C00547,51,1464037.8,3,141447.0,47149.0,0.41,5,2.4
C00548,41,332621.76,2,26050.0,13025.0,0.92,5,2.8
C00549,35,418852.19,27,530995.0,19666.48,2.57,17,2.58
C00550,27,460288.6,26,559750.0,21528.85,2.45,14,3.07
C00551,57,2186551.27,10,684050.0,68405.0,1.26,8,1.88
C00552,37,222217.49,6,84100.0,14016.67,0.71,7,2.25
C00553,27,1217803.19,8,199946.0,24993.25,0.85,13,2.88
C00554,30,510458.49,11,335200.0,30472.73,1.31,12,2.0
C00555,18,1515915.02,22,1544400.0,70200.0,1.91,11,1.51
C00556,30,348007.81,2,60600.0,30300.0,0.63,3,2.67
C00557,18,510414.42,19,371695.0,19562.89,1.83,16,3.33
C00558,45,416343.38,5,22196.0,4439.2,0.95,5,2.5
C00559,41,535656.94,11,271750.0,24704.55,1.16,13,2.96
C00560,24,717840.51,8,212200.0,26525.0,0.86,11,3.0
C00561,35,1387996.33,7,206550.0,29507.14,1.17,9,2.82
C00562,35,354899.18,5,117400.0,23480.0,0.57,7,3.2
C00563,22,1132218.47,14,411547.0,29396.21,1.48,14,2.46
C00564,33,661459.1,1,65000.0,65000.0,1.0,1,1.0
C00565,38,153389.27,5,61800.0,12360.0,0.7,5,2.86
C00566,18,815564.24,9,404250.0,44916.67,0.8,10,2.25
C00567,23,1010786.76,9,106800.0,11866.67,1.32,9,2.17
C00568,32,1120518.47,7,178349.0,25478.43,0.71,8,1.9
C00569,29,442115.42,22,270050.0,12275.0,2.37,14,3.36
C00570,42,407512.31,20,407197.0,20359.85,1.75,15,3.08
C00571,52,132002.74,2,19400.0,9700.0,0.32,4,2.75
C00572,47,2110667.32,1,8400.0,8400.0,1.0,1,3.0
C00573,40,839321.15,1,6348.0,6348.0,1.0,3,3.0
C00574,44,1221555.27,12,283850.0,23654.17,1.34,10,2.59
C00575,48,150443.64,6,86000.0,14333.33,0.9,6,2.75
C00576,29,842149.16,28,583442.0,20837.21,2.59,17,3.24
C00577,51,2123709.26,16,1208547.0,75534.19,1.52,9,2.05
C00578,38,364559.52,3,51800.0,17266.67,0.56,5,1.8
C00579,56,573466.98,12,437250.0,36437.5,1.48,10,2.35
C00580,38,142933.79,6,82745.0,13790.83,0.85,10,3.9
C00581,28,451277.76,6,86847.0,14474.5,0.58,8,3.17
C00582,30,332436.15,3,46500.0,15500.0,0.55,5,4.6
C00583,29,1210728.66,12,677900.0,56491.67,1.08,14,2.29
C00584,35,999827.2,7,541850.0,77407.14,0.86,10,1.93
C00585,61,1147281.6,14,279494.0,19963.86,1.21,11,2.12
C00586,36,1719267.92,23,2351400.0,102234.78,2.45,9,1.75
C00587,37,468954.69,2,39300.0,19650.0,0.43,4,4.25
C00588,38,366858.88,18,283593.0,15755.17,1.74,14,3.28
C00589,32,1281445.25,14,575150.0,41082.14,1.33,14,2.68
C00590,18,1154452.16,7,448746.0,64106.57,0.91,8,1.83
C00591,30,811341.49,6,336900.0,56150.0,0.66,9,2.64
C00592,54,1993662.02,14,713850.0,50989.29,3.09,11,1.96
C00593,38,894753.88,6,136100.0,22683.33,0.73,10,2.5
C00594,48,1152731.89,11,369700.0,33609.09,1.07,10,2.59
C00595,48,1310631.68,10,238800.0,23880.0,0.96,8,2.47
C00596,35,280253.95,2,51797.0,25898.5,0.86,4,2.0
C00597,43,2859781.35,10,344000.0,34400.0,1.24,12,2.22
C00598,18,689595.97,11,338299.0,30754.45,1.16,11,2.5
C00599,53,1159801.72,8,131450.0,16431.25,1.06,8,2.8
C00600,52,618410.92,12,399950.0,33329.17,1.4,14,2.77
C00601,41,770015.24,2,45200.0,22600.0,0.44,4,2.25
C00602,29,489130.14,2,41000.0,20500.0,0.4,5,3.6
C00603,27,802267.78,1,5400.0,5400.0,1.0,1,3.0
C00604,32,620752.82,22,391683.0,17803.77,1.83,15,2.59
C00605,42,2112488.41,19,1584050.0,83371.05,1.8,14,1.58
C00606,31,963335.62,14,981595.0,70113.93,1.52,13,2.16
C00607,49,439938.13,28,473550.0,16912.5,3.62,16,2.94
C00608,18,829028.39,1,25000.0,25000.0,1.0,1,2.0
C00609,34,732320.09,12,477398.0,39783.17,1.63,13,2.5
C00610,20,1382307.9,2,45749.0,22874.5,1.05,4,2.0
C00611,30,488532.0,7,79696.0,11385.14,0.84,8,3.31
C00612,40,292440.03,6,44700.0,7450.0,0.62,8,2.38
C00613,36,803302.86,8,92550.0,11568.75,1.01,6,2.0
C00614,20,1245995.03,6,163300.0,27216.67,0.69,8,2.3
C00615,18,1055430.49,7,97300.0,13900.0,0.81,8,2.2
C00616,30,376915.3,3,161600.0,53866.67,1.55,4,2.8
C00617,42,1127292.16,2,226895.0,113447.5,0.59,7,2.57
C00618,50,927167.79,9,474600.0,52733.33,0.92,11,2.31
C00619,40,1026818.93,12,351947.0,29328.92,1.0,12,3.38
C00620,41,1281444.15,11,845148.0,76831.64,1.25,12,2.36
C00621,32,1831599.38,20,1837045.0,91852.25,1.94,11,2.31
C00622,33,670767.57,3,22500.0,7500.0,0.29,4,6.0
C00623,27,475910.16,5,82650.0,16530.0,0.67,6,3.14
C00624,44,784540.49,9,304745.0,33860.56,1.38,13,3.47
C00625,35,956511.33,7,300399.0,42914.14,0.68,13,2.94
C00626,46,292801.15,2,21195.0,10597.5,0.24,4,2.25
C00627,40,964036.43,12,617798.0,51483.17,1.31,16,2.73
C00628,61,625686.13,14,533800.0,38128.57,1.29,12,2.36
C00629,34,1447957.74,11,947250.0,86113.64,1.12,7,1.65
C00630,49,330641.1,1,3796.0,3796.0,1.0,2,2.5
C00631,43,883451.63,22,362596.0,16481.64,1.82,16,2.7
C00632,23,401645.39,16,383291.0,23955.69,1.67,15,3.14
C00633,28,2789027.61,16,1084096.0,67756.0,1.44,11,2.14
C00634,58,659434.81,7,110700.0,15814.29,0.96,9,3.27
C00635,46,897098.43,3,36700.0,12233.33,0.63,4,3.2
C00636,37,308926.41,7,93895.0,13413.57,0.77,9,3.62
C00637,40,354781.95,6,65645.0,10940.83,0.65,9,2.73
C00638,38,131547.08,3,52950.0,17650.0,1.0,5,2.67
C00639,48,2889517.91,10,1017800.0,101780.0,1.02,7,1.82
C00640,49,694107.64,6,161096.0,26849.33,0.66,10,3.55
C00641,50,1092996.92,9,453046.0,50338.44,1.04,13,2.26
C00642,55,595933.73,8,253246.0,31655.75,0.9,10,2.21
C00643,22,1092060.77,10,199295.0,19929.5,1.25,8,3.13
C00644,35,2793205.52,10,1144250.0,114425.0,0.88,7,1.85
C00645,39,2651816.77,17,1455697.0,85629.24,1.74,14,2.16
C00646,55,1290664.01,7,112250.0,16035.71,0.85,7,2.0
C00647,41,273573.32,5,38046.0,7609.2,0.63,6,2.43
C00648,50,292664.61,5,46200.0,9240.0,0.72,6,1.67
C00649,43,1218032.28,14,484149.0,34582.07,1.53,15,2.03
C00650,44,589570.82,24,293393.0,12224.71,2.57,16,3.43
C00651,34,705281.53,3,70950.0,23650.0,0.51,5,4.4
C00652,33,243342.62,2,5250.0,2625.0,0.25,2,2.5
C00653,36,283229.55,5,54700.0,10940.0,0.98,5,4.14
C00654,18,384277.54,3,16350.0,5450.0,2.73,4,3.4
C00655,24,713789.72,11,540350.0,49122.73,1.15,11,2.38
C00656,18,261835.68,6,118800.0,19800.0,1.18,7,2.62
C00657,55,1057541.31,11,363098.0,33008.91,1.12,13,2.72
C00658,48,604921.72,18,336997.0,18722.06,2.43,15,3.09
C00659,47,2230530.86,17,1553600.0,91388.24,1.72,11,1.88
C00660,32,931263.69,6,112000.0,18666.67,1.07,8,2.67
C00661,19,1022155.13,10,375396.0,37539.6,0.91,11,2.69
C00662,18,2253764.07,18,1662196.0,92344.22,1.67,11,2.09
C00663,52,428934.58,6,41148.0,6858.0,0.9,7,1.89
C00664,42,392886.77,5,63850.0,12770.0,0.47,7,3.12
C00665,45,719134.07,9,455500.0,50611.11,0.83,12,2.06
C00666,39,1334331.09,10,432100.0,43210.0,1.09,7,1.89
C00667,26,2177394.81,19,1963400.0,103336.84,2.14,11,1.91
C00668,32,217575.1,2,19450.0,9725.0,0.35,4,2.25
C00669,24,425149.84,3,58298.0,19432.67,0.4,7,2.62
C00670,22,646538.7,28,628946.0,22462.36,3.35,16,2.72
C00671,47,743882.87,27,603298.0,22344.37,2.68,17,3.06
C00672,18,223597.12,2,37900.0,18950.0,0.47,3,3.67
C00673,24,1689838.96,10,831000.0,83100.0,1.15,7,1.57
C00674,33,2489788.57,20,1931850.0,96592.5,1.94,10,1.71
C00675,37,1138141.64,11,482250.0,43840.91,1.19,11,2.38
C00676,19,160613.23,7,89449.0,12778.43,0.85,10,2.77
C00677,18,1366634.19,12,475450.0,39620.83,1.08,11,1.96
C00678,41,935191.08,9,545247.0,60583.0,1.26,9,2.56
C00679,38,539071.28,6,186200.0,31033.33,0.53,9,2.36
C00680,52,2413042.2,16,1886600.0,117912.5,1.38,8,1.69
C00681,37,1237269.97,12,461000.0,38416.67,1.24,9,2.1
C00682,42,1295785.82,14,492494.0,35178.14,1.65,11,2.61
C00683,27,686039.54,26,384987.0,14807.19,2.2,17,3.43
C00684,28,869925.62,9,347050.0,38561.11,1.24,9,2.4
C00685,21,414297.36,5,55145.0,11029.0,1.01,7,3.43
C00686,27,2716182.91,14,862050.0,61575.0,1.3,11,1.9
C00687,46,881364.43,7,116900.0,16700.0,0.62,9,2.44
C00688,27,693122.63,23,407500.0,17717.39,2.22,15,2.66
C00689,39,2122828.29,22,1472998.0,66954.45,1.92,12,1.82
C00690,21,400012.02,2,19600.0,9800.0,7.5,4,2.0
C00691,39,516359.07,2,11547.0,5773.5,0.55,3,3.33
C00692,41,156371.53,2,58700.0,29350.0,1.05,3,2.75
C00693,36,350695.73,6,100347.0,16724.5,0.63,11,3.08
C00694,34,327745.02,3,13400.0,4466.67,0.41,2,2.33
C00695,29,345901.01,3,71400.0,23800.0,0.43,6,1.33
C00696,19,2194826.97,12,1579200.0,131600.0,1.07,9,1.7
C00697,26,1886348.61,2,70900.0,35450.0,0.3,3,4.0
C00698,56,2507897.84,11,626700.0,56972.73,1.65,9,2.32
C00699,29,496677.28,2,44100.0,22050.0,1.15,5,3.2
C00700,42,746744.6,12,776450.0,64704.17,1.08,10,2.14
C00701,55,150179.36,2,52400.0,26200.0,0.67,3,1.5
C00702,29,703990.76,13,432650.0,33280.77,1.27,12,2.62
C00703,23,1967994.09,12,1160000.0,96666.67,2.13,8,1.9
C00704,36,560851.31,8,163646.0,20455.75,0.91,11,2.33
C00705,26,1220320.86,10,291846.0,29184.6,0.97,13,3.05
C00706,38,1292071.18,11,696550.0,63322.73,1.06,12,2.38
C00707,18,2441403.79,22,1764300.0,80195.45,1.96,12,1.79
C00708,18,828907.97,1,8397.0,8397.0,1.0,3,2.67
C00709,50,497772.96,2,16700.0,8350.0,0.97,2,4.0
C00710,21,1095655.27,12,419342.0,34945.17,1.21,12,2.18
C00711,56,296778.13,7,199548.0,28506.86,1.09,8,2.36
C00712,41,383078.29,23,297897.0,12952.04,1.94,15,3.09
C00713,42,1680484.71,19,1497597.0,78820.89,1.61,18,2.08
C00714,36,382201.86,5,82400.0,16480.0,0.6,7,3.25
C00715,38,587008.8,10,163600.0,16360.0,0.97,7,1.85
C00716,19,291140.96,7,97595.0,13942.14,0.68,10,1.92
C00717,27,372666.46,6,108700.0,18116.67,0.83,10,3.25
C00718,50,1215904.96,6,188500.0,31416.67,0.8,5,1.57
C00719,22,895865.93,28,559035.0,19965.54,2.58,18,2.78
C00720,32,472260.37,7,52591.0,7513.0,1.43,8,4.64
C00721,50,968862.18,12,302950.0,25245.83,1.13,11,3.33
C00722,37,356962.56,2,46600.0,23300.0,1.36,4,2.0
C00723,38,614942.14,12,530250.0,44187.5,1.33,10,2.31
C00724,32,433905.7,3,160300.0,53433.33,0.76,5,2.6
C00725,44,133740.94,3,48549.0,16183.0,0.39,7,2.29
C00726,47,772815.52,7,314600.0,44942.86,0.67,8,2.0
C00727,26,273601.03,1,5750.0,5750.0,1.0,2,5.5
C00728,18,904305.03,1,26100.0,26100.0,1.0,2,3.0
C00729,22,348225.85,5,172450.0,34490.0,0.58,11,2.17
C00730,18,964111.48,11,498450.0,45313.64,1.07,13,3.0
C00731,35,1392942.21,12,449546.0,37462.17,1.13,15,2.52
C00732,46,1266282.46,10,371998.0,37199.8,0.92,12,2.14
C00733,36,264636.85,6,134500.0,22416.67,0.53,9,2.75
C00734,34,832885.88,27,566789.0,20992.19,2.85,14,2.77
C00735,39,784516.74,24,576142.0,24005.92,2.14,16,2.83
C00736,39,235778.07,7,161950.0,23135.71,1.37,6,2.31
C00737,33,656172.06,14,575947.0,41139.07,1.49,12,2.4
C00738,26,732223.1,16,167850.0,10490.62,1.4,12,2.88
C00739,36,702534.64,18,257040.0,14280.0,1.74,16,2.47
C00740,35,432542.61,5,37750.0,7550.0,0.7,6,4.17
C00741,35,1045627.64,12,561950.0,46829.17,1.11,12,2.25
C00742,45,770645.39,18,426645.0,23702.5,1.61,16,2.52
C00743,36,271491.95,7,105389.0,15055.57,0.69,10,3.0
C00744,20,631736.59,12,448700.0,37391.67,1.1,14,2.14
C00745,28,575616.14,1,27600.0,27600.0,1.0,2,3.0
C00746,36,917151.48,5,38849.0,7769.8,0.81,8,3.11
C00747,35,891761.24,4,15900.0,3975.0,0.57,5,3.4
C00748,36,895560.52,9,234647.0,26071.89,0.8,11,1.87
C00749,18,408115.58,16,326850.0,20428.12,1.72,14,2.94
C00750,21,355443.42,6,127850.0,21308.33,0.72,11,3.69
