product_id,product_name,category,description,price,stock_quantity,status
P0001,Smartphone Pro Max,Electronics,"6.7-inch OLED display, 256GB storage, triple camera system.",65000.0,90,Active
P0002,High-Performance Laptop,Electronics,"Intel Core i7, 16GB RAM, 512GB SSD, dedicated GPU.",85000.0,50,Active
P0003,Tablet Ultra,Electronics,"11-inch Retina screen, stylus support, 128GB.",32000.0,0,Out of Stock
P0004,Smart Fitness Watch,Electronics,"AMOLED display, SPO2 tracking, 14-day battery life.",12500.0,148,Active
P0005,Wireless Noise-Canceling Earbuds,Mobile Accessories,"Active Noise Cancellation, Bluetooth 5.3, IPX4 water resistance.",4500.0,118,Active
P0006,Portable Bluetooth Speaker,Mobile Accessories,"360-degree sound, 20W output, waterproof casing.",2800.0,135,Active
P0007,Fast Charge Power Bank 20000mAh,Mobile Accessories,"Triple output ports, 22.5W fast charging capacity.",1800.0,196,Active
P0008,Mechanical RGB Gaming Keyboard,Gaming,"Tactile blue switches, customizable RGB backlight.",4200.0,98,Active
P0009,Wireless Ergonomic Gaming Mouse,Gaming,"16000 DPI sensor, ultra-lightweight design.",1900.0,28,Active
P0010,Water-Resistant Backpack,Fashion,"Laptop compartment, anti-theft design, 30L capacity.",2200.0,37,Active
P0011,Professional Running Shoes,Sports,"Breathable mesh upper, high-cushion rubber sole.",4500.0,199,Active
P0012,Premium Cotton T-Shirt,Fashion,"100% combed organic cotton, pre-shrunk fabric.",850.0,64,Active
P0013,Automatic Coffee Maker Machine,Home Appliances,"15-bar pressure pump, milk frother wand attached.",14500.0,101,Active
P0014,Insulated Stainless Steel Water Bottle,Sports,"Double-wall vacuum insulation, keeps drinks cold for 24h.",650.0,90,Active
P0015,Dimmable LED Desk Lamp,Office Supplies,"Touch control panel, 5 color temperature modes, USB charging port.",1200.0,198,Active
P0016,Executive Hardcover Notebook,Office Supplies,"200 pages, 100 GSM acid-free paper, ribbon bookmark.",450.0,115,Active
P0017,HEPA Filter Air Purifier,Home Appliances,"True HEPA 13 filter, CADR 300m3/h, real-time air quality indicator.",18500.0,48,Active
P0018,Organic Darjeeling Green Tea 250g,Grocery,Hand-picked whole leaf green tea rich in antioxidants.,550.0,189,Active
P0019,Hydrating Face Serum 50ml,Beauty,Hyaluronic acid and Vitamin C skin radiance formula.,1250.0,53,Active
P0020,Bestseller Fiction Hardcover Book,Books,Internationally acclaimed bestseller novel.,499.0,0,Out of Stock
